uid,mwh,name,plx_mwh,dmwh,admwh
1,4059.955352783203,ABANICO,4059.9552000000017,0.00015278320142897428,0.00015278320142897428
3,240.6749999113381,AEROPUERTO_FV,241.14166666666665,-0.4666667553285606,0.4666667553285606
5,412.5099985599518,AHE_BUENAS_YERBAS_FV,413.52499995000005,-1.015001390048269,1.015001390048269
6,49.27440047264099,AILLIN,49.27440000000003,4.7264096281196544e-07,4.7264096281196544e-07
7,486.78999611735344,ALAMEDA_FV,488.4666666466668,-1.6766705293133555,1.6766705293133555
8,68.67999912798405,ALBATROS_FV,68.8466666366667,-0.16666750868265012,0.16666750868265012
9,292.55360393226147,ALBOR_FV,301.18416664666654,-8.630562714405073,8.630562714405073
10,326.39999617636204,ALCALDESA_FV,327.2516666366668,-0.8516704603047742,0.8516704603047742
11,548.3200015053153,ALCON_FV,550.8399999999997,-2.519998494684387,2.519998494684387
12,300.47499945759773,ALDEBARAN_FV,301.21999998,-0.7450005224022789,0.7450005224022789
13,5036.599978148937,ALENA_EO,5036.6,-2.1851063138456084e-05,2.1851063138456084e-05
14,8837.371520996094,ALFALFAL,8837.371599999999,-7.900390482973307e-05,7.900390482973307e-05
16,196.69999808073044,ALHUE_FV,196.35999995000003,0.3399981307304074,0.3399981307304074
17,458.27999871224165,ALIANZA_FV,458.7083333133333,-0.4283346010916489,0.4283346010916489
18,157.60000005364418,ALICAHUE_FV,157.13333333333333,0.46666672031085454,0.46666672031085454
19,448.5600128173828,ALLIPEN,448.5600000000002,1.2817382639696007e-05,1.2817382639696007e-05
20,2662.679983243346,ALMEYDA_FV,1832.9566666666665,829.7233165766797,829.7233165766797
21,392.35000040382147,ALTO_BELLAVISTA_SUN_FV,393.61499996,-1.264999556178509,1.264999556178509
22,504.1999976634979,ALTO_DEL_SOL_FV,505.92499998,-1.7250023165020707,1.7250023165020707
23,153.46800184249878,ALTO_HOSPICIO,153.46799999999988,1.8424989036702755e-06,1.8424989036702755e-06
24,205.34640884399414,ALTO_RENAICO,205.34639999999976,8.843994379503783e-06,8.843994379503783e-06
25,93.69999957084656,ALTO_SOLAR_FV,93.48333331333335,0.21666625751321078,0.21666625751321078
27,58.80000036209822,ALTOS_TILTIL_FV,58.683333323333336,0.11666703876488072,0.11666703876488072
28,212.130001347512,ALTURAS_DE_OVALLE_FV,216.36499996999999,-4.2349986224879785,4.2349986224879785
29,75.00000050663948,AMPARO_DEL_SOL_FV,75.93333332333336,-0.933332816693877,0.933332816693877
30,393.2599974498153,ANAKENA_FV,393.7174999899999,-0.45750254018463465,0.45750254018463465
31,452.9999973922968,ANCAHUAL_FV,469.56999995,-16.57000255770322,16.57000255770322
32,235.19999599456787,ANCOA,235.20000000000022,-4.005432344911242e-06,4.005432344911242e-06
33,2512.585863701999,ANDES_2A_FV,1847.8010014082797,664.7848622937195,664.7848622937195
34,6741.326923370361,ANDES_2B_FV,6315.3575792420825,425.96934412827886,425.96934412827886
35,8295.630019694567,ANDES_4_FV,7826.057497539388,469.5725221551784,469.5725221551784
36,880.7999991178513,ANDES_FV,355.85666666666685,524.9433324511845,524.9433324511845
40,16735.919530479237,ANDINA,17540.417249475562,-804.4977189963247,804.4977189963247
41,24723.63468565978,ANGAMOS_1,24277.83500000001,445.79968565977106,445.79968565977106
42,25148.10899626836,ANGAMOS_2,24553.26500000001,594.8439962683515,594.8439962683515
45,551.1503028869629,ANGOSTURA_U3,6721.954544378506,-6170.8042414915435,6170.8042414915435
46,486.7000014334917,ANTAY_FV,484.19999999999993,2.500001433491775,2.500001433491775
49,49115.7223739624,ANTOFAGASTA_EO,61152.0,-12036.277626037598,12036.277626037598
50,151.3550018593669,ANTONIA_FV,151.83416666666665,-0.4791648072997532,0.4791648072997532
51,13825.049743652344,ANTUCO_U1,14222.0056703468,-396.95592669445614,396.95592669445614
53,149.75500101409853,ANUNUCA_DEL_VERANO_FV,149.33083332333337,0.4241676907651595,0.4241676907651595
54,419.86999829113483,ARGOMEDO_FV,421.33583331333335,-1.4658350221985188,1.4658350221985188
55,296.999993622303,ARICA_FV,298.685,-1.6850063776969932,1.6850063776969932
59,90.94999996200204,ARIZTIA_FV,91.21833331333329,-0.26833335133125047,0.26833335133125047
60,35.72499968111515,ARMAZONES_FV,287.8300000000001,-252.10500031888495,252.10500031888495
61,135.86499840579927,AROMO_VERANO_FV,136.25166661666663,-0.3866682108673558,0.3866682108673558
62,454.06999976933,ASTILLAS_FV,454.32166664666664,-0.25166687733661774,0.25166687733661774
71,0.3297816030681133,ATA_CC2_TGB_GNL,1.2100000000000006,-0.8802183969318873,0.8802183969318873
72,0.3297816030681133,ATA_CC2_TV,1.1600000000000006,-0.8302183969318873,0.8302183969318873
74,0.9599999785423279,ATA-TG1A_GN_A,0.9600000000000004,-2.1457672527702698e-08,2.1457672527702698e-08
151,1962.7942543029785,ATA-TG2A+TG2B+TV2C_GN_A,1906.0389230006372,56.75533130234135,56.75533130234135
162,0.9599999785423279,ATA-TG2B_GN_A,264.54999999999967,-263.59000002145734,263.59000002145734
173,1342.8344497680664,ATA-TG2B+0.5TV2C_GN_A,895.221274371387,447.61317539667937,447.61317539667937
178,1197.9339561462402,ATA-TG2B+0.5TV2C_GNL_B,1197.762,0.17195614624029076,0.17195614624029076
183,7561.500034697354,ATACAMA_EO,7561.499999999997,3.469735656835837e-05,3.469735656835837e-05
184,449.5700058937073,ATACAMA_SOLAR_2_FV,362.5459631988474,87.02404269485987,87.02404269485987
185,6285.400002479553,AURORA_EO,6235.54205991328,49.85794256627287,49.85794256627287
186,566.7311954498291,AUX_DEL_MAIPO,566.7312000000002,-4.5501710701501e-06,4.5501710701501e-06
187,455.97999876737595,AVEL_FV,456.9691666366666,-0.989167869290668,0.989167869290668
188,301.04999919235706,AVELLANO_FV,301.98499996,-0.9350007676429186,0.9350007676429186
189,352.4099996984005,AVILES_FV,353.54416666666674,-1.1341669682662427,1.1341669682662427
190,105.40500031411648,AXEL_FV,105.29583333333342,0.10916698078305842,0.10916698078305842
191,565.4299989640713,AYLA_FV,567.5033333033334,-2.0733343392621464,2.0733343392621464
192,2040.789999872446,AZABACHE_FV,2665.9666666666662,-625.1766667942202,625.1766667942202
193,385.15000338852406,BARCELONA_FV,385.33750000000003,-0.18749661147597863,0.18749661147597863
194,349.0999967381358,BELEN_FV,350.2883333333333,-1.1883365951974838,1.1883365951974838
195,355.0029988139868,BELENOS_TILTIL_FV,354.86949999,0.13349882398676982,0.13349882398676982
196,0.2799999937415123,BELLAVISTA_1_FV,0.2750000000000001,0.004999993741512221,0.004999993741512221
197,116.16999976336956,BELLAVISTA_FV,118.26333332333338,-2.093333559963824,2.093333559963824
198,120.66499846428633,BERGAMO_FV,120.54083328333333,0.12416518095299978,0.12416518095299978
199,420.07000052928925,BERRUECO_FV,420.3074999700001,-0.23749944071084883,0.23749944071084883
200,132.99499992281199,BICENTENARIO_FV,133.23499997000005,-0.24000004718806167,0.24000004718806167
201,21.523199677467346,BIFURCADA,23.78880000000003,-2.265600322532684,2.265600322532684
202,2019.65762424469,BLANCO,2019.6575999999986,2.4244691303465515e-05,2.4244691303465515e-05
203,155.31499826163054,BLU_FV,155.71416665666663,-0.39916839503609935,0.39916839503609935
204,3806.29999537766,BOLERO_1_FV,3572.945964912281,233.35403046537886,233.35403046537886
205,8.34959989786148,BOQUIAMARGO,8.349599999999993,-1.0213851275864272e-07,1.0213851275864272e-07
206,550.1900033354759,BULNES_FV,551.9291666666667,-1.7391633311907526,1.7391633311907526
207,132.55999878048897,BULNES_LOS_BARONES_FV,132.82749997000002,-0.2675011895110515,0.2675011895110515
208,198.42080211639404,BUREO,219.3071999999999,-20.886397883605866,20.886397883605866
209,517.7300029620528,CABILDO_FV,519.1725000000001,-1.4424970379473052,1.4424970379473052
210,124.99999991059303,CABILSOL_FV,124.54166665666668,0.45833325392635516,0.45833325392635516
211,133.2200012728572,CABIMAS_FV,133.63916666666668,-0.419165393809493,0.419165393809493
212,3949.999975681305,CABO_LEONES_1_EO,3892.726718327189,57.27325735411614,57.27325735411614
213,3266.0000097751617,CABO_LEONES_2_EO,3266.000000000001,9.77516083366936e-06,9.77516083366936e-06
214,4275.899983406067,CABO_LEONES_3_EO,4238.500000000001,37.399983406065985,37.399983406065985
215,412.4600020647049,CABRERO_FV,414.06750000000005,-1.6074979352951573,1.6074979352951573
216,420.7550000548363,CACHANAS_FV,421.61499998000005,-0.8599999251637769,0.8599999251637769
217,522.2200009524822,CACHIYUYO_2_FV,524.2283333333334,-2.0083323808511295,2.0083323808511295
218,8.480899972841144,CAIMI_FV,8.477699980000004,0.0031999928411394762,0.0031999928411394762
219,361.72999519109726,CALAMA_1_FV,439.6,-77.87000480890276,77.87000480890276
220,6757.624796390533,CALAMA_EO,6109.944351812826,647.680444577707,647.680444577707
221,371.9900010973215,CALDERA_FV,372.1541666666667,-0.16416556934518667,0.16416556934518667
222,4.552800089120865,CALIBORO,4.552799999999993,8.912087157142423e-08,8.912087157142423e-08
223,130.31759548187256,CALLAO,130.31760000000006,-4.518127497021851e-06,4.518127497021851e-06
224,102.69999948143959,CALLE_LARGA_FV,102.39999999000001,0.2999994914395785,0.2999994914395785
226,26359.559407340363,CAMPICHE,25115.386280418297,1244.1731269220654,1244.1731269220654
227,3842.85002630949,CAMPO_LINDO_EO,3963.250000000001,-120.3999736905107,120.3999736905107
228,17870.73037534952,CAMPOS_DEL_SOL_FV,20176.314220892327,-2305.5838455428056,2305.5838455428056
231,0.9599999785423279,CANDELARIA_1_GN_A,0.19,0.7699999785423279,0.7699999785423279
245,0.9599999785423279,CANDELARIA_2_GN_A,0.16,0.7999999785423278,0.7999999785423278
257,154.7199993468821,CANDELARIA_FV,155.3141666166666,-0.5941672697844922,0.5941672697844922
258,1886.18000241369,CANELA_2_EO,1862.0700000000002,24.110002413689926,24.110002413689926
259,351.30999955907464,CANELA_EO,347.74250000000006,3.5674995590745766,3.5674995590745766
260,143.73999970778823,CANELILLO_FV,144.1083333133334,-0.3683336055451605,0.3683336055451605
261,112.69999969005585,CANESA_1_FV,112.2666666566667,0.43333303338914675,0.43333303338914675
262,78.87500009685755,CANQUEN_FV,79.24416666666666,-0.36916656980911,0.36916656980911
263,149.3100008815527,CANTERA_FV,149.54833333333335,-0.23833245178065,0.23833245178065
264,276.845001719892,CANTILLANA_FV,277.81583331333326,-0.9708315934412326,0.9708315934412326
265,7851.9711537361145,CANUTILLAR_U1,4850.618121377726,3001.353032358388,3001.353032358388
266,7600.05181312561,CANUTILLAR_U2,5219.290087777239,2380.7617253483713,2380.7617253483713
267,4224.540011718869,CAPRICORNIO_FV,4092.99,131.55001171886943,131.55001171886943
268,1224.8447570800781,CAPULLO,1193.4447999999995,31.399957080078593,31.399957080078593
269,136.29499899595976,CARA_DE_GALLO_FV,136.68499995000002,-0.3900009540402607,0.3900009540402607
270,528.7169911712408,CARACAS_2_FV,530.4411666566666,-1.7241754854258033,1.7241754854258033
271,121.47749947756529,CARACOLES_FV,121.35293329333334,0.12456618423195209,0.12456618423195209
272,82.2800007686019,CARANCA_FV,82.43916666666667,-0.15916589806477077,0.15916589806477077
273,896.4899981617928,CARDONAL_EO,896.4899999999998,-1.8382070265943184e-06,1.8382070265943184e-06
276,912.8288116455078,CARILAFQUEN,862.8287999999993,50.00001164550849,50.00001164550849
277,1578.4100062344223,CARRERA_PINTO_FV,1849.3799999999994,-270.9699937655771,270.9699937655771
278,331.69999942183495,CASABERMEJA_FV,332.55916665666666,-0.8591672348317161,0.8591672348317161
279,407.04000091552734,CASTANO_FV,408.3258333133334,-1.2858323978060753,1.2858323978060753
280,84.59999884665012,CASTILLA_FV,84.63333330333334,-0.03333445668322099,0.03333445668322099
281,94.99999944865704,CASUTO_FV,94.76666665666667,0.23333279199036383,0.23333279199036383
283,69.59999965131283,CATEMU_FV,69.43333333333334,0.16666631797949094,0.16666631797949094
284,133.44499848783016,CATO_FV,133.72916664666664,-0.2841681588364793,0.2841681588364793
285,134.31500127725303,CAUQUENES_FV,134.39833330333337,-0.08333202608034185,0.08333202608034185
286,333.429594039917,CAVANCHA,333.4295999999997,-5.960082717137993e-06,5.960082717137993e-06
287,142.275001835078,CEFALU_FV,142.69250000000002,-0.41749816492202285,0.41749816492202285
288,545.1533958911896,CELCO_BL1,302.0,243.15339589118958,243.15339589118958
289,7.8136484026908875,CELCO_BL2,0.2,7.613648402690887,7.613648402690887
290,15744.231721639633,CEME1_FV,11980.55803939485,3763.673682244784,3763.673682244784
294,272.34000339359045,CENTAURO_FV,272.5299999899999,-0.18999659640945765,0.18999659640945765
296,5404.389998454601,CERRO_DOMINADOR_FV,3179.416666666667,2224.9733317879336,2224.9733317879336
297,1868.1599807739258,CERRO_PABELLON_U1,1868.1599999999974,-1.9226071572120418e-05,1.9226071572120418e-05
300,6168.000018388033,CERRO_TIGRE_EO,5320.661806312691,847.3382120753422,847.3382120753422
301,106.10499965958297,CETUS_FV,105.82499997000004,0.27999968958293664,0.27999968958293664
302,455.9000004529953,CHACABUCO_FV,454.86666665666684,1.0333337963284634,1.0333337963284634
303,1645.000036239624,CHACABUQUITO,1644.9999999999989,3.623962516030588e-05,3.623962516030588e-05
304,266.63999865204096,CHACAICO_FV,267.1808333333334,-0.5408346812924378,0.5408346812924378
305,4884.293397903442,CHACAYES,4884.293400000001,-2.0965590010746382e-06,2.0965590010746382e-06
307,106.98999951034784,CHALINGA_FV,106.67249997000005,0.3174995403477965,0.3174995403477965
308,489.289996907115,CHAMPA_FV,491.2716666366666,-1.9816697295516406,1.9816697295516406
309,107.98000011965632,CHANAR_VERANO_FV,168.5108333133334,-60.53083319367707,60.53083319367707
310,1696.9399998635054,CHANARES_FV,1692.7000000000007,4.239999863504636,4.239999863504636
311,110.20000045746565,CHANCON_FV,110.03333333333332,0.16666712413233142,0.16666712413233142
312,543.6144046783447,CHANLEUFU,543.6143999999998,4.6783449079157435e-06,4.6783449079157435e-06
313,1092.0,CHAPIQUINA,953.5,138.5,138.5
314,436.0749978944659,CHEQUEN_FV,437.6083332933334,-1.5333353988674503,1.5333353988674503
315,316.2100005373359,CHERCAN_FV,316.35666666666657,-0.146666129330697,0.146666129330697
316,547.3999967575073,CHIBURGO,545.4166666666666,1.9833300908406954,1.9833300908406954
317,507.20499784871936,CHICAUMA_VERANO_FV,509.5208332933334,-2.315835444614038,2.315835444614038
318,96.54000000283122,CHILENER_FV,96.77416666666667,-0.23416666383545248,0.23416666383545248
319,147.54500146955252,CHILLAN_HUAMBALI_HIPER_FV,148.03416666666664,-0.48916519711411866,0.48916519711411866
321,122.30000082403421,CHIMBARONGO_FV,122.1833333133333,0.11666751070090697,0.11666751070090697
322,405.8214978724718,CHIMBARONGO_NIEBLA_FV,402.22183331333343,3.5996645591383754,3.5996645591383754
323,132.30000143498182,CHINCOL_FV,131.78333333333336,0.5166681016484631,0.5166681016484631
324,381.45389941334724,CHOLGUAN_BL1,387.0,-5.546100586652756,5.546100586652756
326,138.71999972313643,CHUCAO_FV,139.0283333333334,-0.3083336101969678,0.3083336101969678
327,103.64000019989908,CHUCHINI_FV,103.82833332333335,-0.18833312343427622,0.18833312343427622
329,27.346900238189846,CINTAC_FV,27.26781665666668,0.07908358152316453,0.07908358152316453
330,324.21000066399574,CIPRES_FV,324.7083333333336,-0.4983326693378558,0.4983326693378558
331,715.8006370328367,CIPRESES_U1,5828.0,-5112.199362967163,5112.199362967163
332,2145.8628670573235,CIPRESES_U2,3320.0,-1174.1371329426765,1174.1371329426765
333,1194.8145241737366,CIPRESES_U3,2495.740840471286,-1300.9263162975494,1300.9263162975494
334,333.19999742507935,CIPRESILLOS,333.20000000000005,-2.57492069977161e-06,2.57492069977161e-06
335,97.49999937415123,CITRINO_FV,97.24999999999999,0.24999937415124407,0.24999937415124407
336,631.369999922812,CKILIR_FV,634.3550000000002,-2.9850000771882605,2.9850000771882605
337,322.0250008292496,CLEMENTINA_FV,323.3500000000001,-1.3249991707504591,1.3249991707504591
341,480.0,CMPC_LAJA_BL1,480.0,0.0,0.0
346,2016.0,CMPC_PACIFICO_BL1,2007.98,8.019999999999982,8.019999999999982
347,1782.0,CMPC_PACIFICO_BL2,1628.2205214937997,153.77947850620035,153.77947850620035
349,840.0,CMPC_SANTA_FE,840.0,0.0,0.0
350,121.8700011856854,COCHARCAS_FV,122.16083333333336,-0.2908321476479614,0.2908321476479614
351,9958.172147274017,COCHRANE_1,12395.113587375025,-2436.941440101007,2436.941440101007
352,21219.04270091094,COCHRANE_2,15121.666621758282,6097.376079152658,6097.376079152658
353,137.32499992847443,COCINILLAS_FV,137.68083333333337,-0.35583340485894155,0.35583340485894155
354,132.6399995163083,COINCO_FV,133.06833333333338,-0.4283338170250772,0.4283338170250772
356,6857.581228256226,COLBUN_U2,6854.158347329013,3.4228809272126455,3.4228809272126455
357,140.2299995161593,COLCHAGUA_FV,140.6808333333334,-0.4508338171741002,0.4508338171741002
358,62.06999904476106,COLIBRI_FV,62.40416662666663,-0.33416758190556806,0.33416758190556806
359,514.0099997669458,COLINA_FV,516.0208333033336,-2.010833536387736,2.010833536387736
360,314.6135959625244,COLLIL,314.6136000000003,-4.037475889617781e-06,4.037475889617781e-06
365,133.11499812826514,COLTAUCO_ALMENDRO_FV,133.56166661666668,-0.44666848840154216,0.44666848840154216
367,147.9072003364563,COMPANIA_2,147.90720000000002,3.3645628150225093e-07,3.3645628150225093e-07
369,171.95999867096543,CONDOR_CHEPICA_FV,172.41083331333328,-0.45083464236785176,0.45083464236785176
370,151.7299989759922,CONDOR_LIGUA_FV,152.43249998000002,-0.7025010040078143,0.7025010040078143
371,143.16999999433756,CONDOR_PELVIN_FV,143.70499998,-0.5349999856624379,0.5349999856624379
372,67.64999879524112,CONDOR_PETORCA_FV,68.01666666666668,-0.36666787142556245,0.36666787142556245
373,950.2287484183908,CONEJO_FV,5959.766666666667,-5009.537918248277,5009.537918248277
376,57.03999999165535,CORDILLERILLA_FV,56.99166664666666,0.04833334498869135,0.04833334498869135
382,821.5999937057495,CORRENTOSO,821.6000000000005,-6.2942509657659684e-06,6.2942509657659684e-06
383,155.81000272929668,CORSO_FV,156.19166666666663,-0.3816639373699502,0.3816639373699502
384,432.60500151850283,CORTIJO_FV,434.3641666266666,-1.7591651081637565,1.7591651081637565
385,81.19440007209778,COSAPILLA,81.19439999999999,7.209779084860202e-08,7.209779084860202e-08
386,278.32948653399944,COVADONGA_FV,520.4575000000001,-242.12801346600065,242.12801346600065
388,9620.229975953698,COYA_FV,9565.226948028527,55.00302792517141,55.00302792517141
389,143.17000024020672,COYUNCHE_FV,143.6325,-0.46249975979327473,0.46249975979327473
390,132.8999999165535,CRUCERO_FV,132.53333333333336,0.36666658322013745,0.36666658322013745
391,180.40999948978424,CRUZ_SOLAR_1_FV,181.14499999000012,-0.7350005002158753,0.7350005002158753
392,1279.000005684793,CUEL_EO,1279.0000000000002,5.684792768079205e-06,5.684792768079205e-06
393,1574.8000030517578,CUMBRES,1543.4000000000005,31.400003051757267,31.400003051757267
394,124.74000120162964,CUMPEO,124.74000000000018,1.2016294590466714e-06,1.2016294590466714e-06
395,144.70499926246703,CURACAVI_FV,145.2308333133333,-0.5258340508662798,0.5258340508662798
396,438.68499848246574,CURACO_FV,440.1841666466666,-1.499168164200853,1.499168164200853
397,353.489998459816,CURICURA_FV,353.6874999900001,-0.19750153018412675,0.19750153018412675
398,7227.111419677734,CURILLINQUE,11708.547537403356,-4481.436117725621,4481.436117725621
399,107.96000041626394,CUZCUZ_FV,108.15499999000001,-0.19499957373606946,0.19499957373606946
400,147.64320026151836,DADINCO_FV,147.4494333333334,0.19376692818497077,0.19376692818497077
401,306.29999673366547,DARLIN_FV,305.46666666666675,0.8333300669987125,0.8333300669987125
402,332.88124213553965,DAS_FV,505.0866666366668,-172.20542450112714,172.20542450112714
406,335.0000014156103,DEL_DESIERTO_FV,411.03333333333336,-76.03333191772305,76.03333191772305
407,1303.040449783206,DIEGO_ALMAGRO_SUR_FV,8714.049471631246,-7411.00902184804,7411.00902184804
409,5.430000104010105,DIEGO_DE_ALMAGRO_FV,27.599999999999998,-22.169999895989893,22.169999895989893
411,6571.070023342967,DOMEYKO_FV,4364.283333333334,2206.7866900096333,2206.7866900096333
412,108.3499991260469,DON_ANDRONICO_FV,108.75333332333337,-0.403334197286469,0.403334197286469
413,368.8100014179945,DON_ENRIQUE_FV,369.0341666266667,-0.22416520867221834,0.22416520867221834
414,111.04000025987625,DON_EUGENIO_FV,111.06666664666668,-0.026666386790424212,0.026666386790424212
415,3451.7000054717064,DON_HUMBERTO_FV,3408.750666666666,42.9493388050405,42.9493388050405
416,178.28499851375818,DON_JORGE_FV,178.84833331333334,-0.5633347995751592,0.5633347995751592
417,150.39499877393246,DON_MARIANO_FV,150.05916663666665,0.33583213726581107,0.33583213726581107
418,143.69499973207712,DON_MARTIN_FV,146.48833333333337,-2.7933336012562506,2.7933336012562506
419,142.2899997755885,DON_MATIAS_FV,142.64999999000008,-0.3600002144115706,0.3600002144115706
420,389.0400005877018,DON_OSCAR_FV,389.2508333133334,-0.21083272563157607,0.21083272563157607
421,240.59999887645245,DON_RODRIGO_FV,241.0916666566666,-0.4916677802141578,0.4916677802141578
422,304.99999786913395,DON_SIMON_FV,305.85416666666674,-0.8541687975327932,0.8541687975327932
423,339.72961807250977,DON_WALTERIO,339.7295999999998,1.8072509988087404e-05,1.8072509988087404e-05
424,1942.4999997615814,DONA_ANTONIA_FV,1898.333333333333,44.16666642824839,44.16666642824839
425,826.2000030875206,DONA_CARMEN_FV,822.0133333333332,4.186669754187392,4.186669754187392
426,43.05840039253235,DONA_HILDA,43.058400000000006,3.9253234263014747e-07,3.9253234263014747e-07
427,147.09499843418598,DONA_IGNA_FV,147.6541666566667,-0.5591682224807073,0.5591682224807073
428,121.55000127106905,DONA_REGINA_FV,121.90749999000003,-0.3574987189309837,0.3574987189309837
430,16.783199965953827,DONGUIL,16.78319999999999,-3.404616322200127e-08,3.404616322200127e-08
431,245.2999991774559,DONIHUE_FV,244.8833333133334,0.41666586412250695,0.41666586412250695
433,412.19542956352234,DUQUECO_FV,494.4625,-82.26707043647764,82.26707043647764
434,125.64499944821,EA_MAITEN_FV,125.83666664666669,-0.19166719845668467,0.19166719845668467
435,149.81500113382936,EA_SF_GRANEROS_FV,148.59833333333336,1.2166678004959977,1.2166678004959977
436,150.0450013577938,EA_SF_PICHILEMU_FV,150.55249998000008,-0.5074986222062705,0.5074986222062705
437,428.2000033259392,ECLIPSE_FV,427.24999999999994,0.9500033259392353,0.9500033259392353
439,86.40000037103891,EL_AGUILA_FV,86.39999999000004,3.810388733427317e-07,3.810388733427317e-07
440,4158.000009179115,EL_ARRAYAN_EO,3790.0619999999985,367.93800917911676,367.93800917911676
441,590.4299986809492,EL_ARREBOL_EO,590.4299999700002,-1.2890509424323682e-06,1.2890509424323682e-06
442,121.4639983177185,EL_ATAJO,121.46399999999988,-1.6822813790895452e-06,1.6822813790895452e-06
443,122.7000005543232,EL_BOCO_FV,122.48333333333335,0.21666722098984792,0.21666722098984792
444,10.80400013923645,EL_BRINCO,12.431999999999984,-1.6279998607635342,1.6279998607635342
445,474.20999481529,EL_CAIQUEN_FV,474.4216666466667,-0.21167183137674783,0.21167183137674783
446,43.646397829055786,EL_CANELO,43.64639999999994,-2.1709441568873444e-06,2.1709441568873444e-06
447,147.89499773085117,EL_CARDENAL_FV,148.43083330333334,-0.5358355724821706,0.5358355724821706
448,498.11000080779195,EL_CARPINTERO_FV,499.7725,-1.6624991922080312,1.6624991922080312
449,65.41000015288591,EL_CERNICALO_1_FV,65.16499999000001,0.24500016288590132,0.24500016288590132
450,65.41000015288591,EL_CERNICALO_2_FV,65.16499999000001,0.24500016288590132,0.24500016288590132
451,473.6399974822998,EL_CHERCAN_FV,474.0399999999999,-0.4000025177001021,0.4000025177001021
452,80.6735987663269,EL_COLORADO,80.67360000000006,-1.2336731600726125e-06,1.2336731600726125e-06
453,56.26500108465552,EL_CONDOR_FV,56.05333333333333,0.21166775132219584,0.21166775132219584
454,123.07499975711107,EL_CUERVO_FV,123.33749999000004,-0.26250023288896784,0.26250023288896784
455,347.1552085876465,EL_DIUTO,347.15519999999947,8.5876470166113e-06,8.5876470166113e-06
456,118.26999966800213,EL_DIVISADERO_FV,118.26333332333338,0.006666344668744273,0.006666344668744273
457,383.529998421669,EL_FLAMENCO_FV,384.1674999999999,-0.6375015783308982,0.6375015783308982
458,128.28479862213135,EL_GALPON,128.28479999999982,-1.377868471763577e-06,1.377868471763577e-06
461,18.09359961748123,EL_LLANO,18.093600000000002,-3.8251877043649074e-07,3.8251877043649074e-07
462,311.76999970525503,EL_LORO_CHOROY_FV,312.1233333133334,-0.35333360807834424,0.35333360807834424
463,560.0999980270863,EL_MAITEN_EO,560.0999999700002,-1.9429139683779795e-06,1.9429139683779795e-06
464,18.950400352478027,EL_MANZANO,18.9504,3.524780289865248e-07,3.524780289865248e-07
466,357.4099967479706,EL_MIRLO_FV,358.14666664666663,-0.73666989869605,0.73666989869605
467,134.274998921901,EL_MONTE_FV,134.76749997000002,-0.4925010480990295,0.4925010480990295
468,137.35499890893698,EL_NANDU_FV,136.52166666666665,0.8333322422703304,0.8333322422703304
469,293.00808656960726,EL_NOGAL_EO,540.1700000000003,-247.16191343039304,247.16191343039304
470,458.7800026386976,PARQUE_SOLAR_EL_OLIVAR_FV,460.1408333033335,-1.3608306646358983,1.3608306646358983
471,114.95500089600682,EL_PALQUI_FV,114.66666665666666,0.2883342393401591,0.2883342393401591
472,1426.8800210952759,EL_PASO,1426.8799999899984,2.1105277483002283e-05,2.1105277483002283e-05
473,5446.189993858337,EL_PELICANO_FV,5318.993333333333,127.19666052500452,127.19666052500452
475,553.3200046718121,EL_PERAL_FV,555.5224999999998,-2.2024953281877515,2.2024953281877515
476,130.29999972879887,EL_PILPEN_FV,130.30000000000004,-2.7120117351842055e-07,2.7120117351842055e-07
478,541.7399934828281,EL_PIQUERO_FV,543.3958333133332,-1.6558398305051014,1.6558398305051014
479,105.50000005960464,EL_PITIO_FV,105.09999999,0.4000000696046442,0.4000000696046442
480,143.39999904483557,EL_PIUQUEN_FV,143.77083331333333,-0.37083426849775947,0.37083426849775947
482,137.09999930113554,EL_QUELTEHUE_FV,136.98333331333336,0.11666598780217896,0.11666598780217896
483,155.60000079870224,EL_QUEMADO_FV,155.1,0.5000007987022457,0.5000007987022457
484,280.79499854147434,EL_RAYADOR_FV,280.95500000000004,-0.16000145852569858,0.16000145852569858
485,148.29499856382608,EL_RECONQUISTADOR_FV,148.82833329333337,-0.5333347295072883,0.5333347295072883
486,123.27499965950847,EL_RESPLANDOR_FV,123.71916662666668,-0.44416696715821047,0.44416696715821047
487,40.31999909877777,EL_RINCON,40.32,-9.012222292881233e-07,9.012222292881233e-07
488,389.30000031739473,EL_ROBLE_FV,384.5666666666666,4.733333650728127,4.733333650728127
489,309.4649982750416,EL_ROMERAL_FV,309.69333333333344,-0.22833505829186151,0.22833505829186151
490,3996.999988794327,EL_ROMERO_FV,3513.1699999999996,483.82998879432716,483.82998879432716
491,57.639999471604824,EL_SALITRAL_FV,189.02916666666667,-131.38916719506184,131.38916719506184
493,118.79999839514494,EL_SAUCE_FV,117.88333333333331,0.9166650618116279,0.9166650618116279
494,135.11000119149685,EL_SHARON_FV,135.59083333333334,-0.4808321418364869,0.4808321418364869
496,83.78500047698617,EL_TIUQUE_FV,83.9891666466667,-0.20416616968053347,0.20416616968053347
497,158.8271999359131,EL_TORO_N2,158.82720000000023,-6.408714625649736e-08,6.408714625649736e-08
499,1122.858211055398,EL_TORO_U2,3687.6450123984487,-2564.7868013430507,2564.7868013430507
500,820.7433992773294,EL_TORO_U3,1287.2281675207714,-466.484768243442,466.484768243442
501,3221.1059632077813,EL_TORO_U4,1235.428260078153,1985.6777031296283,1985.6777031296283
503,100.30500054359436,EL_TREBOL_FV,100.57166664666667,-0.26666610307231053,0.26666610307231053
504,463.56000328063965,EL_TRILE_FV,463.72333332333335,-0.16333004269370122,0.16333004269370122
506,117.52000011503696,EL_TURPIAL_FV,117.80499998,-0.28499986496304075,0.28499986496304075
507,126.7231997475028,EL_ZORZAL_FV,127.00154997000001,-0.27835022249720964,0.27835022249720964
508,2155.7000012397766,ELENA_FV,2059.7166666666662,95.98333457311037,95.98333457311037
511,249.65999998152256,EMILIA_FV,250.82916664666672,-1.1691666651441608,1.1691666651441608
512,260.3149999305606,ENAMI_FV,261.1899999599999,-0.8750000294393203,0.8750000294393203
514,134.1550004631281,ENCINO_FV,134.58999998000004,-0.4349995168719545,0.4349995168719545
515,297.89999973773956,ENCON_SOLAR_FV,297.0666666566667,0.8333330810728512,0.8333330810728512
518,1112.7017492149025,ENERGIA_PACIFICO,687.6095999999994,425.0921492149031,425.0921492149031
521,172.1831932067871,ENSENADA,172.18320000000017,-6.79321306051861e-06,6.79321306051861e-06
522,127.7549990862608,ERINOME_FV,127.44833333333337,0.3066657529274295,0.3066657529274295
523,2521.5,ERSA_BIOBIO,2521.5,0.0,0.0
524,128.90500010550022,ESCORIAL_VERANO_FV,129.36333331333333,-0.4583332078331068,0.4583332078331068
525,36.0,ESCUADRON,36.0,0.0,0.0
526,196.94000091776252,ESFENA_FV,197.61583330333337,-0.6758323855708568,0.6758323855708568
527,359.10000094771385,ESPERANZA_2_FV,358.8049999999999,0.2950009477139588,0.2950009477139588
528,3.98746657371521,ESPERANZA_DS1,0.01,3.97746657371521,3.97746657371521
530,50.099999852478504,ESPERANZA_FV,95.96666666666661,-45.86666681418811,45.86666681418811
532,135.83499919250607,ESPIGA_DE_ORO_FV,135.46000000000004,0.3749991925060385,0.3749991925060385
535,91.7669993583113,ESTERO_FV,92.03499999999998,-0.26800064168868687,0.26800064168868687
536,83.7143976688385,EYZAGUIRRE,83.71440000000005,-2.3311615535703822e-06,2.3311615535703822e-06
537,126.11499925889075,FARAMALLA_FV,126.55916664666674,-0.4441673877759911,0.4441673877759911
538,162.8750008493662,FARDELA_NEGRA_FV,163.60500000000008,-0.729999150633887,0.729999150633887
539,512.5700011439621,FAROL_FV,513.4975,-0.9274988560378006,0.9274988560378006
541,13988.700012139976,FINIS_TERRAE_FV,13942.46666666667,46.233345473305235,46.233345473305235
544,258.9999990463257,FLORIDA_2,259.0,-9.5367431640625e-07,9.5367431640625e-07
545,386.39999198913574,FLORIDA_3,386.4000000000004,-8.010864632979064e-06,8.010864632979064e-06
546,129.91499938443303,FOSTER_FV,130.3091666666667,-0.39416728223366704,0.39416728223366704
547,221.48500045388937,FOTOVOLT_LIN_FV,221.88916665666665,-0.4041662027772759,0.4041662027772759
548,121.30000023543835,FRANCISCO_FV,121.01666666666672,0.2833335687716243,0.2833335687716243
549,136.46500263921916,FULGOR_FV,136.9875,-0.5224973607808465,0.5224973607808465
550,298.86000195890665,ISIDRO_FV,299.6924999999999,-0.8324980410932312,0.8324980410932312
551,393.97499753534794,FUSTER_DEL_VERANO_FV,395.6733333133333,-1.698335777985335,1.698335777985335
552,214.66500005871058,GABARDO_VERANO_FV,215.8616666666667,-1.1966666079561321,1.1966666079561321
553,548.8199954330921,PMGD_GABRIELA_FV,548.82749999,-0.007504556907861115,0.007504556907861115
554,307.5199994891882,GAVIOTIN_FV,307.7108333333334,-0.19083384414523152,0.19083384414523152
555,402.3999999165535,GENOVA_FV,400.3333333133335,2.0666666032199714,2.0666666032199714
556,268.26000003516674,GOLONDRINAS_FV,268.44083333333344,-0.18083329816670357,0.18083329816670357
557,466.4099962711334,GR_PEUMO_FV,468.36000000000007,-1.9500037288666476,1.9500037288666476
558,412.79999804496765,GR_PITAO_FV,411.8666666466668,0.9333313983008793,0.9333313983008793
559,9415.799997091293,GRAN_TENO_FV,9284.383333333331,131.41666375796194,131.41666375796194
560,402.3999999165535,GRANADA_FV,400.3333333133335,2.0666666032199714,2.0666666032199714
561,350.1549990475178,GRANATE_FV,350.24999997000003,-0.09500092248225656,0.09500092248225656
562,5490.499980933964,GRANJA_FV,3239.9291911494915,2250.5707897844727,2250.5707897844727
565,4524.762870788574,GUACOLDA_3,4524.7628,7.078857379383408e-05,7.078857379383408e-05
566,14593.763875342906,GUACOLDA_4,14919.080000000002,-325.3161246570962,325.3161246570962
567,13956.238507376984,GUACOLDA_5,13905.619787767919,50.61871960906501,50.61871960906501
568,94.6999990940094,GUADALAO_FV,94.46666665666669,0.23333243734271036,0.23333243734271036
569,324.83670077472925,GUADALUPE_FV,326.17420000000004,-1.3374992252707898,1.3374992252707898
570,461.6149991452694,GUANACO_1_FV,465.3958333333333,-3.7808341880639205,3.7808341880639205
571,13831.700020518154,GUANCHOI_FV,13987.951666666666,-156.251646148512,156.251646148512
572,75.73750097677112,GUARANA_FV,75.65199999999999,0.08550097677112944,0.08550097677112944
573,1004.9087677001953,GUAYACAN,1004.9087999999994,-3.229980404739763e-05,3.229980404739763e-05
574,144.0449997112155,HELIOS_FV,144.60083329333335,-0.5558335821178559,0.5558335821178559
575,787.1303787231445,HIDRO_BONITO_MC1,787.1303999999997,-2.1276855136420636e-05,2.1276855136420636e-05
576,209.2104091644287,HIDRO_BONITO_MC2,209.21039999999965,9.164429059183021e-06,9.164429059183021e-06
577,325.5999974012375,HIDRO_BONITO_MC3,325.59999999999974,-2.5987622507273045e-06,2.5987622507273045e-06
578,1678.800006866455,HIDROMOCHO,1678.8000000000004,6.866454668852384e-06,6.866454668852384e-06
579,142.4399998113513,PMGD_HIJUELA_4_FV,142.69250000000005,-0.252500188648753,0.252500188648753
580,124.00000111013651,HOMERO_FV,122.98333333333338,1.016667776803132,1.016667776803132
582,36317.23336095002,HORIZONTE_NORTE_EO,37809.313312828075,-1492.079951878055,1492.079951878055
583,39362.59206390381,HORIZONTE_SUR_EO,35520.66637865348,3841.9256852503313,3841.9256852503313
584,86.99999957159162,HORMIGA_FV,86.49499999,0.5049995815916191,0.5049995815916191
585,16855.107045738026,HORNITOS,16961.89633263004,-106.78928689201348,106.78928689201348
586,2784.984010696411,HORNITOS_CH,2784.983999999998,1.0696413028199458e-05,1.0696413028199458e-05
587,12.060000004246831,HORNITOS_FV,11.991666666666667,0.0683333375801638,0.0683333375801638
589,84.86999938637018,HUAPE_FV,84.81333331333336,0.056666073036822695,0.056666073036822695
590,394.00000339746475,HUAQUELON_FV,394.5933333133332,-0.5933299158684235,0.5933299158684235
597,3449.8100055810064,HUATACONDO_FV,639.0151666666666,2810.79483891434,2810.79483891434
598,536.8799966573715,HUINGAN_FV,538.75499998,-1.8750033226284586,1.8750033226284586
599,126.4999997317791,HURTADO_FV,126.91750000000003,-0.4175002682209339,0.4175002682209339
600,0.07999999821186066,ICB_FV,0.10250000000000001,-0.02250000178813935,0.02250000178813935
601,133.12999921664596,IDAHUE_DEL_VERANO_FV,133.62999999,-0.5000007733540315,0.5000007733540315
603,163.90000143647194,ILLAPEL_5_FV,163.34999999999994,0.5500014364720016,0.5500014364720016
604,135.88499980047345,INDEPENDENCIA_FV,136.34916666666672,-0.46416686619326697,0.46416686619326697
605,427.39999997615814,INGENIO_FV,428.56166666666684,-1.1616666905086959,1.1616666905086959
606,143.14500142633915,INTERLOCUTOR_FV,143.7158333333333,-0.5708319069941581,0.5708319069941581
607,5796.0,ISLA,5796.0,0.0,0.0
608,219.25500066578388,ITAHUE_FV,219.84583331333334,-0.5908326475494619,0.5908326475494619
610,393.85000306367874,ITIHUE_FV,394.08750000000003,-0.23749693632129265,0.23749693632129265
611,64.82500017806888,J_SOLER_M_FV,64.70583333333332,0.11916684473555961,0.11916684473555961
612,252.85000206902623,JAHUEL_FV,253.64166664666675,-0.7916645776405176,0.7916645776405176
613,1296.1000010073185,JAMA_1_FV,721.842515151515,574.2574858558035,574.2574858558035
614,967.9199997112155,JAMA_2_FV,539.4635611534171,428.4564385577984,428.4564385577984
615,392.2799966484308,JARDIN_SOLAR_PETORCA_FV,393.69833328333334,-1.4183366349025164,1.4183366349025164
616,95.49999885261059,JAURURO_FV,95.23333331333329,0.2666655392772981,0.2666655392772981
617,525.04999807477,JAVIERA_CARRERA_FV,526.6466666566668,-1.596668581896779,1.596668581896779
618,1351.1925579234958,JAVIERA_FV,3165.6800000000007,-1814.487442076505,1814.487442076505
619,89.36500031501055,JILGUERO_FV,89.25083331333335,0.1141670016772025,0.1141670016772025
620,242.4599942266941,JOTABECHE_FV,242.86333333333343,-0.40333910663932215,0.40333910663932215
621,1680.0000009536743,JUNCAL,1680.0,9.5367431640625e-07,9.5367431640625e-07
622,58.10000139474869,JUNCALITO,58.09999999999995,1.3947487360610467e-06,1.3947487360610467e-06
623,18355.693508148193,KALLPA_EO,15804.251000280523,2551.4425078676704,2551.4425078676704
652,0.9599999785423279,KELAR-TG1+TG2+TV_DIE,2038.109999999999,-2037.1500000214567,2037.1500000214567
663,0.9599999785423279,KELAR-TG2_DIE,965.7999999999998,-964.8400000214575,964.8400000214575
674,0.0,KELAR-TG2+0.5TV_DIE,701.4599999999999,-701.4599999999999,701.4599999999999
685,104.99999979138374,KONDA_FV,104.69999999000001,0.29999980138373417,0.29999980138373417
686,319.5999979376793,LA_ACACIA_FV,319.1666666466668,0.43333129101250734,0.43333129101250734
687,325.0632076263428,LA_ARENA,325.0632000000003,7.6263424944045255e-06,7.6263424944045255e-06
688,457.60500030219555,LA_BLANQUINA_1_FV,459.3341666666667,-1.7291663644711548,1.7291663644711548
689,6365.069428756833,LA_CABANA_EO,9242.577716837457,-2877.508288080624,2877.508288080624
690,98.94999994896352,LA_CHAPEANA_FV,100.91833333333335,-1.9683333843698279,1.9683333843698279
691,104.5525005152449,LA_CHIMBA_BIS_FV,104.50758333333336,0.04491718191154348,0.04491718191154348
692,531.9799966067076,LA_COLONIA_FV,534.3025000000001,-2.32250339329255,2.32250339329255
694,3794.248046875,LA_CONFLUENCIA,3722.247999999997,72.00004687500314,72.00004687500314
695,2521.6000077798963,LA_CRUZ_SOLAR_FV,2515.133333333333,6.466674446563047,6.466674446563047
696,502.5299993753433,LA_ESPERANZA_EO,502.4424999799999,0.08749939534340001,0.08749939534340001
697,112.07000008970499,LA_ESTANCIA_FV,112.55583333333334,-0.485833243628349,0.485833243628349
698,1041.0399969816208,LA_ESTRELLA_EO,1041.04,-3.018379175045993e-06,3.018379175045993e-06
699,2287.0000011473894,LA_FLOR_EO,2286.99,0.010001147389630205,0.010001147389630205
701,191.47999997437,LA_FRONTERA_FV,191.32333329333332,0.15666668103668258,0.15666668103668258
702,296.56499932706356,LA_GAMBOINA_FV,297.56333333333333,-0.9983340062697721,0.9983340062697721
703,4825.78564453125,LA_HIGUERA,4762.785600000002,63.00004453124802,63.00004453124802
704,818.5999925136566,LA_HUAYCA_2_FV,297.84999999999997,520.7499925136567,520.7499925136567
705,3439.5600073337555,LA_HUELLA_FV,3378.391995670997,61.168011662758545,61.168011662758545
706,129.5700006633997,LA_HUERTA_FV,129.92333333333337,-0.3533326699336783,0.3533326699336783
707,212.1000002026558,LA_LAJUELA_FV,211.5833333233334,0.5166668793224005,0.5166668793224005
708,105.59999988973141,LA_LIGUA_FV,105.28333332333335,0.31666656639805524,0.31666656639805524
709,140.9499996751547,LA_MANGA_1_FV,139.4866666666667,1.4633330084879788,1.4633330084879788
710,1427.2349562644958,LA_MINA,1846.5855850000014,-419.35062873550555,419.35062873550555
713,136.03000020049512,LA_MURALLA_FV,136.53500000000003,-0.5049997995049011,0.5049997995049011
714,513.5700010322034,LA_PALMA_FV,511.6991666366668,1.870834395536633,1.870834395536633
716,465.9799986332655,LA_PAZ_FV,467.16083333333324,-1.1808347000677486,1.1808347000677486
717,242.53999988734722,LA_PERLA_FV,243.0466666666667,-0.5066667793194881,0.5066667793194881
719,111.04000025987625,LA_QUINTA_FV,111.06666664666668,-0.026666386790424212,0.026666386790424212
720,71.54999976791441,LA_SILLA_FV,70.62833333333334,0.9216664345810699,0.9216664345810699
721,495.7999977171421,LA_VENDIMIA_FV,497.59749997000006,-1.797502252857953,1.797502252857953
722,439.02000015974045,LA_VICTORIA_FV,439.2966666366667,-0.2766664769262661,0.2766664769262661
723,60.50890073180199,LA_VINA,68.22480000000003,-7.715899268198044,7.715899268198044
724,106.55000018142164,LAGUNILLA_FV,106.74499999000001,-0.1949998085783733,0.1949998085783733
725,499.80999217927456,LAJA_ANDINO_FV,501.4649999600001,-1.6550077807255548,1.6550077807255548
726,209.67229557037354,LAJA_I,708.9749998328762,-499.30270426250263,499.30270426250263
728,445.0319881439209,CMPC_BUCALEMU_2,442.3730000000001,2.6589881439207943,2.6589881439207943
729,56.88924001157284,LALACKAMA_2_FV,70.28333333333332,-13.39409332176048,13.39409332176048
730,515.4000072479248,LALACKAMA_FV,1813.8066666666666,-1298.4066594187418,1298.4066594187418
731,111.10500049591064,LAS_ARBOLEDAS_FV,110.97833331333334,0.12666718257730736,0.12666718257730736
732,71.73499972000718,LAS_BANDURRIAS_FV,71.82166664666666,-0.08666692665947551,0.08666692665947551
733,138.79499791190028,LAS_CABRAS_FV,138.99749998,-0.2025020680997045,0.2025020680997045
734,330.8350026458502,LAS_CATITAS_FV,331.28499999999997,-0.4499973541497866,0.4499973541497866
735,103.79999960958958,LAS_CHACRAS_FV,103.49999999000002,0.29999961958955623,0.29999961958955623
736,565.5400002039969,LAS_CHILCAS_FV,567.88999999,-2.3499997860030817,2.3499997860030817
737,88.40000062435865,LAS_CODORNICES_FV,88.09999999000001,0.3000006343586392,0.3000006343586392
738,374.32081031799316,LAS_FLORES,374.3207999999998,1.031799337170014e-05,1.031799337170014e-05
739,7448.375335693359,LAS_LAJAS,7448.375199999988,0.00013569337170338258,0.00013569337170338258
740,86.60000055283308,LAS_LECHUZAS_FV,86.29999999000002,0.30000056283306265,0.30000056283306265
741,364.37999941408634,LAS_MAJADAS_FV,365.0350000000001,-0.65500058591374,0.65500058591374
742,128.93500022403896,LAS_MERCEDES_1_FV,129.41083331333337,-0.4758330892944116,0.4758330892944116
743,100.73999991081655,LAS_MOLLACAS_FV,100.91833333333335,-0.1783334225168005,0.1783334225168005
744,147.43499932065606,LAS_PALMAS_DEL_VERANO_FV,148.0216666466667,-0.5866673260106268,0.5866673260106268
745,124.99999960511923,LAS_PALOMAS_FV,124.24999998000003,0.7499996251192016,0.7499996251192016
746,394.53000096976757,LAS_PENAS_EO,394.53000000000003,9.697675409370277e-07,9.697675409370277e-07
747,91.09999971836805,LAS_PERDICES_FV,90.71666666666673,0.38333305170132803,0.38333305170132803
748,117.000000923872,LAS_ROJAS_FV,116.48333333333332,0.516667590538674,0.516667590538674
749,8186.42004776001,LAS_SALINAS_FV,8053.740000000001,132.68004776000907,132.68004776000907
750,311.90999595075846,LAS_TAGUAS_FV,312.10583333333346,-0.19583738257500727,0.19583738257500727
751,412.42000034451485,LAS_TENCAS_FV,413.3449999700001,-0.9249996254852704,0.9249996254852704
752,101.89999863505363,LAS_TERRAZAS_FV,101.34999999000003,0.5499986450536056,0.5499986450536056
753,130.70999932289124,LAS_TORCAZAS_FV,131.1116666466667,-0.401667323775456,0.401667323775456
754,122.87999993748963,LAS_TORTOLAS_DEL_VERANO_FV,123.35583332333334,-0.47583338584371404,0.47583338584371404
755,103.62000039964914,LAS_TORTOLAS_FV,103.87000000000005,-0.24999960035090396,0.24999960035090396
756,117.99999979138374,LAS_TURCAS_FV,117.69999999000001,0.29999980138373417,0.29999980138373417
758,278.879994392395,LAS_VERTIENTES,278.8799999999997,-5.607604691704182e-06,5.607604691704182e-06
759,320.12499871850014,LAUREL_FV,321.0683333233334,-0.9433346048332396,0.9433346048332396
760,2070.3562681035837,LAUTARO_1_BL1,1761.8399999999992,308.5162681035845,308.5162681035845
762,1082.633638549596,LAUTARO_2_BL1,1096.6307857495997,-13.99714720000361,13.99714720000361
763,89.54570698738098,LAUTARO_2_BL2,37.828,51.71770698738098,51.71770698738098
764,258.9399994313717,LEBU_3_EO,258.9399999700001,-5.386283987718343e-07,5.386283987718343e-07
765,513.3000009506941,LEBU_EO,513.2899999999998,0.010000950694234234,0.010000950694234234
766,179.5600019916892,LEMU_FV,180.22026666666673,-0.6602646749775261,0.6602646749775261
767,197.42499951273203,LENGA_FV,198.05166664666672,-0.6266671339346885,0.6266671339346885
768,3884.499994277954,LEYDA_FV,3821.273333333334,63.22666094462011,63.22666094462011
769,767.9999980926514,LICAN,740.0,27.999998092651367,27.999998092651367
772,506.330000475049,LIEBRE_DEL_VERANO_FV,507.8583333133335,-1.5283328382844843,1.5283328382844843
773,169.58999872021377,LIMA_FV,170.16166663666664,-0.5716679164528671,0.5716679164528671
775,351.77999886125326,LINARES_SOLAR_FV,351.9816666666666,-0.20166780541336493,0.20166780541336493
776,156.48000041395426,LINGUE_FV,157.08333333333337,-0.6033329193791133,0.6033329193791133
777,103.0999995470047,LIPANGUE_FV,102.91666665666665,0.18333289033805045,0.18333289033805045
778,458.14999666810036,LIQUIDAMBAR_FV,459.2308333133334,-1.0808366452330347,1.0808366452330347
780,127.81500087305903,LIRIO_DE_CAMPO_FV,128.3091666666667,-0.4941657936076638,0.4941657936076638
781,163.49000101536512,LIRIOS_FV,163.9349999900001,-0.4449989746349843,0.4449989746349843
782,515.779997035861,LITORAL_FV,517.2133333333333,-1.4333362974722377,1.4333362974722377
783,368.2099973410368,LLANCAY_FV,369.3841666666668,-1.1741693256299754,1.1741693256299754
784,3453.2000029087067,LLANO_DE_LLAMPOS_FV,3407.516666666667,45.683336242039786,45.683336242039786
786,157.67499965429306,LLANOS_DE_POTROSO_FV,157.58166666666668,0.09333298762638265,0.09333298762638265
787,3293.7000002861023,LLANOS_DEL_VIENTO_EO,2564.235807220054,729.4641930660482,729.4641930660482
788,55.372801065444946,LLAUQUEREO,55.372799999999934,1.0654450122160597e-06,1.0654450122160597e-06
789,547.6700011044741,LLAY_LLAY_FV,550.1291666566667,-2.459165552192644,2.459165552192644
790,123.34500117599964,LLOICA_FV,123.6566666566667,-0.31166548066705957,0.31166548066705957
791,143.66000032797456,LLUTA_SOLAR_FV,144.0841666266667,-0.4241662986921426,0.4241662986921426
792,1.4699998032301664,LO_BOZA_FV,1.45249998,0.01749982323016641,0.01749982323016641
793,130.23999924212694,LO_CHACON_FV,130.59166663666664,-0.3516673945397031,0.3516673945397031
794,534.7600006014109,LO_MIGUEL_FV,536.4658333233333,-1.7058327219224338,1.7058327219224338
795,198.50000002980232,LO_MIRANDA_FV,198.08333332333333,0.4166667064689875,0.4166667064689875
796,612.5399983078241,LOCKMA_FV,615.2800000000002,-2.7400016921760653,2.7400016921760653
797,142.75000150501728,LOICA_FV,143.17916664666663,-0.4291651416493494,0.4291651416493494
798,3350.8583221435547,LOMA_ALTA,5262.788093869881,-1911.9297717263262,1911.9297717263262
799,3334.4302825927734,LOMA_LOS_COLORADOS_2,3096.3468000000007,238.08348259277273,238.08348259277273
800,48.70099972188473,LOMA_LOS_COLORADOS_FV,48.60883333333333,0.09216638855139792,0.09216638855139792
801,141.84000102430582,LOMA_TENDIDA_DEL_VERANO_FV,142.45083330333333,-0.6108322790275054,0.6108322790275054
802,78.79000040143728,LOMAS_COLORADAS_FV,78.78333332333334,0.006667078103944846,0.006667078103944846
803,3603.6099982261658,LOMAS_DE_DUQUECO_EO,2767.95,835.659998226166,835.659998226166
804,483.18500077724457,LONCURA_FV,484.3833333133335,-1.1983325360889125,1.1983325360889125
805,129.08499988727272,LORETO_FV,129.65416664666674,-0.5691667593940224,0.5691667593940224
806,428.7840041536838,LOS_ANDES_FV,530.9238333133333,-102.13982915964948,102.13982915964948
807,788.9280166625977,LOS_BAJOS,788.9280000000012,1.666259640842327e-05,1.666259640842327e-05
808,310.1600019335747,LOS_BANOS_FV,311.0341666466668,-0.8741647130921137,0.8741647130921137
809,1630.5500121302903,LOS_BUENOS_AIRES_EO,1630.54,0.010012130290306231,0.010012130290306231
810,484.90499936044216,LOS_CANONES_SUNLIGHT_FV,491.70416666666654,-6.799167306224376,6.799167306224376
811,990.350001450628,LOS_CERRILLOS_EO,990.3499999799998,1.4706282627230394e-06,1.4706282627230394e-06
812,368.95000272989273,LOS_CISNES_FV,370.51583333333343,-1.565830603440702,1.565830603440702
813,3884.505466222763,LOS_CONDORES_U1,7446.833333333333,-3562.32786711057,3562.32786711057
814,6473.9786413908005,LOS_CONDORES_U2,9630.833333333332,-3156.8546919425316,3156.8546919425316
815,141.96000480651855,LOS_CORRALES_1,141.95999999999987,4.8065186888379685e-06,4.8065186888379685e-06
816,118.17120265960693,LOS_CORRALES_2,118.17120000000004,2.6596068920525795e-06,2.6596068920525795e-06
817,2537.949987221509,LOS_CURUROS_EO,2537.9500000000007,-1.2778491509379819e-05,1.2778491509379819e-05
818,138.31999993883073,LOS_GIRASOLES_FV,138.92666664666666,-0.6066667078359274,0.6066667078359274
819,130.80000011622906,LOS_GORRIONES_FV,130.31666665666668,0.48333345956237395,0.48333345956237395
822,1121.0,LOS_HIERROS,1119.0,2.0,2.0
823,43.0,LOS_HIERROS_2,42.5,0.5,0.5
824,149.12499957717955,LOS_JOTES_FV,148.78999997999998,0.33499959717957495,0.33499959717957495
825,107.43499933555722,LOS_LAGOS_FV,107.26749997000003,0.16749936555719103,0.16749936555719103
826,270.899999499321,LOS_LIBERTADORES_FV,270.3166666566667,0.5833328426542721,0.5833328426542721
827,2309.4200782738626,LOS_LOROS_FV,2306.0401000000006,3.3799782738619797,3.3799782738619797
828,154.91500007547438,LOS_MAGNOLIOS_FV,155.5549999900001,-0.6399999145257311,0.6399999145257311
829,456.40000331401825,LOS_MOLINOS_FV,454.95,1.4500033140182609,1.4500033140182609
830,381.02398109436035,LOS_MOLLES,381.02399999999943,-1.8905639080912806e-05,1.8905639080912806e-05
831,124.68960285186768,LOS_MORROS,124.68959999999984,2.8518678334421566e-06,2.8518678334421566e-06
832,90.54499980434775,LOS_MORROS_1_FV,90.38999999000004,0.15499981434771826,0.15499981434771826
833,445.2000007480383,LOS_NARANJOS_FV,446.09999999999997,-0.899999251961674,0.899999251961674
834,138.35659973323345,LOS_NOGALES_FV,138.60991666666666,-0.2533169334332115,0.2533169334332115
835,7471.559966173023,LOS_OLMOS_EO,7388.431966162309,83.12800001071355,83.12800001071355
837,96.8999993801117,LOS_PALTOS_FV,96.5833333133333,0.3166660667783958,0.3166660667783958
838,123.70000145584345,LOS_PATOS_FV,122.48333333333338,1.2166681225100717,1.2166681225100717
839,136.78499948233366,LOS_PERALES_FV,137.07833330333327,-0.2933338209996066,0.2933338209996066
841,83.22720193862915,LOS_PORTONES,83.22719999999993,1.9386292251510895e-06,1.9386292251510895e-06
843,2940.0,LOS_QUILOS,2940.0,0.0,0.0
844,84.58499999530613,LOS_ROBLES_FV,84.43083333333334,0.15416666197279483,0.15416666197279483
845,146.5800005942583,LOS_TAURETES_FV,147.2766666666667,-0.6966660724083908,0.6966660724083908
846,168.1049992684275,LOS_TILOS_FV,167.57750000000001,0.5274992684274764,0.5274992684274764
847,270.1699988543987,LOS_TORDOS_FV,270.43083329333336,-0.2608344389346371,0.2608344389346371
850,0.9599999785423279,LOS_VIENTOS_GN_A,0.9600000000000004,-2.1457672527702698e-08,2.1457672527702698e-08
869,362.6100003346801,LUCAS_FV,362.7708333333333,-0.16083299865323397,0.16083299865323397
870,85.79999977350235,LUCE_SOLAR_FV,85.59999998000002,0.19999979350232877,0.19999979350232877
871,123.99999939650297,LUDERS_FV,124.03333333333339,-0.03333393683041663,0.03333393683041663
872,192.0900009572506,LUMBRERAS_FV,192.7141666466667,-0.6241656894161167,0.6241656894161167
873,132.85999979823828,LUNA_DEL_NORTE_FV,132.90833330333334,-0.048333505095058626,0.048333505095058626
874,93.29999843239784,LUNA_FV,93.09999998000002,0.19999845239782132,0.19999845239782132
875,4152.614912092686,LUZ_DEL_NORTE_FV,2513.598333333333,1639.0165787593528,1639.0165787593528
876,460.9599989950657,MACAO_FV,462.41499998000006,-1.4550009849343724,1.4550009849343724
877,62.840001348406076,MACARENA_FV,63.174999999999976,-0.3349986515938994,0.3349986515938994
878,416.6000030040741,MACHICURA_FV,415.03333333333325,1.5666696707408505,1.5666696707408505
879,2016.0,MACHICURA_U1,2016.0,0.0,0.0
881,137.41000053286552,MAIKONO_FV,137.97166666666666,-0.5616661338011397,0.5616661338011397
882,550.899999782443,MAIMALICAN_FV,553.7191666366666,-2.8191668542235675,2.8191668542235675
883,17.488799393177032,MAISAN,17.48880000000001,-6.068229758682264e-07,6.068229758682264e-07
886,143.45500031858683,MAITENLAHUE_FV,143.90916663666664,-0.4541663180798139,0.4541663180798139
888,371.8800023533404,MALAQUITA_SOLAR_FV,369.0333333033333,2.846669050007108,2.846669050007108
889,4917.380013465881,MALGARIDA_FV,2484.8087296104977,2432.5712838553836,2432.5712838553836
890,100.05999914556742,MALINKE_FV,100.47833332333335,-0.41833417776592796,0.41833417776592796
891,542.3208103179932,MALLARAUCO,542.3207999999998,1.0317993314856722e-05,1.0317993314856722e-05
892,23167.198974609375,MALLECO_NORTE_EO,22329.56668740624,837.6322872031342,837.6322872031342
893,21870.166955947876,MALLECO_SUR_EO,20045.909087761836,1824.2578681860396,1824.2578681860396
894,143.58499944768846,MALLOCO_FV,144.0716666266666,-0.4866671789781378,0.4866671789781378
895,138.20500038936734,MALVILLA_FV,138.73749998000005,-0.5324995906327104,0.5324995906327104
897,581.2800003383309,MANANTIALES_EO,581.2799999999995,3.38331346938503e-07,3.38331346938503e-07
898,135.21499977447093,MANAO_FV,135.6741666166666,-0.4591668421956854,0.4591668421956854
899,297.1199949532747,MANDINGA_FV,298.4508333333333,-1.3308383800585943,1.3308383800585943
901,3616.219978392124,MANZANO_FV,3605.7966666666653,10.423311725458916,10.423311725458916
902,14880.0,ARAUCO_MAPA_BL1,14880.0,0.0,0.0
903,117.71499885246158,MARAMBIO_FV,117.47583328333334,0.2391655691282324,0.2391655691282324
904,532.6499986946583,MARANON_FV,533.1374999999999,-0.48750130534165237,0.48750130534165237
905,359.10000094771385,MARCHIGUE_2_FV,358.8049999999999,0.2950009477139588,0.2950009477139588
906,149.48499893955886,MARCHIGUE_7_FV,150.2175,-0.7325010604411375,0.7325010604411375
907,210.76999882608652,MARGARITA_X_FV,211.45999999000006,-0.6900011639135357,0.6900011639135357
908,455.41999910771847,MARIA_DOLORES_FV,463.97583332333323,-8.555834215614766,8.555834215614766
910,1749.243555791676,MARIA_ELENA_FV,1237.9696789037907,511.2738768878853,511.2738768878853
911,142.21499942988157,MARIA_PINTO_FV,142.74249997,-0.5275005401184387,0.5275005401184387
912,205.6150018312037,MARIN_FV,206.47000000000006,-0.8549981687963566,0.8549981687963566
913,521.3759994506836,MARIPOSAS,521.3759999999997,-5.493161552294623e-07,5.493161552294623e-07
914,1364.0,MASISA,1310.063030872745,53.936969127255,53.936969127255
936,673.6194305419922,MEJILLONES_3-TG+TV_GNL_B,2059.29,-1385.6705694580078,1385.6705694580078
941,461.99999951571226,MELI_FV,463.66249999999997,-1.6625004842877047,1.6625004842877047
942,326.84400272369385,MELO,326.844,2.7236938535679656e-06,2.7236938535679656e-06
943,110.02000014856458,MEMBRILLO_FV,110.15499996000003,-0.13499981143544915,0.13499981143544915
944,100.80999928712845,MERCURIO_SUR_FV,100.72749997999999,0.0824993071284581,0.0824993071284581
945,3385.8000188469887,MESAMAVIDA_EO,3385.8000000000025,1.884698622234282e-05,1.884698622234282e-05
946,5352.949976444244,MESETA_DE_LOS_ANDES_FV,5240.640622600686,112.30935384355871,112.30935384355871
947,72.16499990969896,MILAN_A_FV,72.09666665666671,0.06833325303225024,0.06833325303225024
948,397.66000078618526,MITCHI_FV,399.5083333133334,-1.848332527148159,1.848332527148159
949,5.9976001381874084,MOLINERA_VILLARRICA,5.997600000000004,1.3818740463023005e-07,1.3818740463023005e-07
950,691.409999595955,MONTE_REDONDO_EO,689.0999999999998,2.309999595955219,2.309999595955219
951,109.20000046491623,MONTT_SOLAR_FV,108.81666665666668,0.3833338082495459,0.3833338082495459
952,376.29999604076147,MOSTAZAL_FV,376.51666665666676,-0.21667061590528647,0.21667061590528647
953,400.20000268518925,MOYA_FV,398.28333332333335,1.9166693618558952,1.9166693618558952
955,7.56000030040741,MUCHI,7.559999999999992,3.0040741805237303e-07,3.0040741805237303e-07
956,6.615600064396858,MULCHEN,7.509599999999996,-0.8939999356031381,0.8939999356031381
957,43.629600048065186,MUNILQUE_1,43.629599999999996,4.806518916211644e-08,4.806518916211644e-08
958,67.30079770088196,MUNILQUE_2,67.30079999999995,-2.2991179946529883e-06,2.2991179946529883e-06
959,353.8900008276105,MUTUPIN_FV,354.1508332833333,-0.2608324557228343,0.2608324557228343
960,448.89999705553055,NAHUEN_FV,447.59999999,1.2999970655305333,1.2999970655305333
961,691.6000018119812,NALCAS,691.6000000000001,1.8119810647476697e-06,1.8119810647476697e-06
962,207.59299927949905,NAN_FV,207.52449996000004,0.06849931949901134,0.06849931949901134
963,343.8299981057644,NANCAGUA_FV,345.06499999,-1.2350018842356008,1.2350018842356008
964,136.9500004351139,NAZARINO_VERANO_FV,137.40833329333333,-0.45833285821942127,0.45833285821942127
965,2387.249999523163,NEGRETE_EO,2387.2499999999995,-4.768367034557741e-07,4.768367034557741e-07
967,0.06999999843537807,NEHUENCO_1_TG_GNL,1.1800000000000006,-1.1100000015646225,1.1100000015646225
968,0.06999999843537807,NEHUENCO_1_TV,1.1800000000000006,-1.1100000015646225,1.1100000015646225
993,31410.474675022997,NEHUENCO_1-TG+TV_GN_A,14475.215946224687,16935.25872879831,16935.25872879831
994,151.17085204273462,NEHUENCO_1-TG+TV_GN_B,9335.154496939058,-9183.983644896323,9183.983644896323
1006,0.06999999843537807,NEHUENCO_2_TG_GNL,1.590000000000001,-1.520000001564623,1.520000001564623
1007,0.06999999843537807,NEHUENCO_2_TV,1.590000000000001,-1.520000001564623,1.520000001564623
1021,5222.215082759038,NEHUENCO_2-TG+TV_GN_A,22200.428666162,-16978.21358340296,16978.21358340296
1022,32721.62596305739,NEHUENCO_2-TG+TV_GN_B,15922.983544114373,16798.642418943018,16798.642418943018
1036,0.9599999785423279,NEHUENCO_9B_GN_B,0.31000000000000005,0.6499999785423278,0.6499999785423278
1053,343.2399970591068,NEWENTUN_FV,344.21999995000004,-0.9800028908932177,0.9800028908932177
1054,105.72499928250909,NIHUE_FV,106.29583330333332,-0.5708340208242362,0.5708340208242362
1055,37.67999973334372,NILHUE_FV,37.458333313333334,0.2216664200103864,0.2216664200103864
1056,131.30000054091215,NIQUEN_FV,130.8166666666667,0.48333387424546004,0.48333387424546004
1057,95.00000123679638,NORTE_CHICO_1_FV,94.6666666666667,0.33333457012967926,0.33333457012967926
1058,587.4600039571524,NORTH_WEST_FV,589.8566666466667,-2.396662689514301,2.396662689514301
1060,1176.0,NUEVA_ALDEA_BL1,1175.99,0.009999999999990905,0.009999999999990905
1061,6216.0,NUEVA_ALDEA_BL2,6215.99,0.010000000000218279,0.010000000000218279
1062,1112.0239524841309,NUEVA_ALDEA_BL3,927.8706363289779,184.153316155153,184.153316155153
1063,1.135678487829864,NUEVA_RENCA_CC_GNL,1.6800000000000013,-0.5443215121701372,0.5443215121701372
1077,45450.062561035156,NUEVA_RENCA-TG+TV_GN_A,44170.890833141544,1279.1717278936121,1279.1717278936121
1089,18745.763562457636,NUEVA_VENTANAS,13217.79011518777,5527.973447269866,5527.973447269866
1090,2879.007628917694,NUEVO_QUILLAGUA_FV,461.69107601912515,2417.316552898569,2417.316552898569
1091,112.19999825954437,OCOA_FV,112.16666664666666,0.03333161287771702,0.03333161287771702
1092,1027.1519737243652,OJOS_DE_AGUA,1027.1520000000003,-2.627563503665442e-05,2.627563503665442e-05
1093,148.0250005684793,OLIVIA_FV,147.6816666266666,0.3433339418126877,0.3433339418126877
1094,144.23000029101968,OLIVIER_FV,144.66083332333332,-0.4308330323136431,0.4308330323136431
1098,139.624999538064,ORION_FV,139.9258333033333,-0.30083376526928873,0.30083376526928873
1099,124.90499917417765,ORQUIDEA_FV,124.67583332333336,0.2291658508442822,0.2291658508442822
1100,338.5950007587671,OVALLE_NORTE_FV,338.8741666366667,-0.2791658778995725,0.2791658778995725
1101,385.4999980032444,OVEJERIA_FV,386.0999999900002,-0.6000019867557853,0.6000019867557853
1102,420.01000188291073,PACHIRA_FV,420.77750000000015,-0.7674981170894171,0.7674981170894171
1103,503.9200020134449,PAILLIHUE_FV,506.1241666266667,-2.204164613221792,2.204164613221792
1104,274.01000248268247,PAINE_FV,429.14583332333325,-155.13583084065078,155.13583084065078
1106,33.700000166893005,PALACIOS,33.7,1.668930025289228e-07,1.668930025289228e-07
1107,386.7000006586313,PALERMO_FV,388.33333331333336,-1.6333326547020306,1.6333326547020306
1108,287.69999957084656,PALMAR,287.6999999999998,-4.2915326048387215e-07,4.2915326048387215e-07
1109,4962.871078491211,PALMUCHO,4962.871199999996,-0.00012150878501415718,0.00012150878501415718
1110,442.8999986946583,PALTO_SUNLIGHT_FV,444.2691666666667,-1.3691679720084267,1.3691679720084267
1111,96.28999945521355,PAMA_FV,96.25666666666666,0.03333278854688615,0.03333278854688615
1112,269.10000163316727,PAMPA_CAMARONES_FV,269.0666666666666,0.03333496650066081,0.03333496650066081
1113,616.4098759070039,PAMPA_SOLAR_NORTE_FV,2375.0733333333337,-1758.6634574263298,1758.6634574263298
1114,3861.5000188350677,PAMPA_TIGRE_FV,3754.216666666667,107.2833521684006,107.2833521684006
1116,3070.4438133239746,PANGUE_U2,5091.9443497463435,-2021.500536422369,2021.500536422369
1117,166.53000008314848,PANQUEHUE_2_FV,166.60999998999998,-0.07999990685149783,0.07999990685149783
1118,266.2000004351139,PARAGUAY_FV,265.4666666566667,0.7333337784472178,0.7333337784472178
1119,11.480000033974648,PARANAL_FV,113.78166666666668,-102.30166663269203,102.30166663269203
1120,129.31999909505248,PARQUE_ROMA_FV,129.66499996999997,-0.34500087494748755,0.34500087494748755
1121,314.53000087291,PARQUE_VALPARAISO_FV,315.35749997999994,-0.8274991070899205,0.8274991070899205
1122,1858.0800704956055,PAS_MEJILLONES,1858.0799999999967,7.049560872474103e-05,7.049560872474103e-05
1123,377.96999951452017,PASTRAN_FV,378.4350000000001,-0.46500048547994766,0.46500048547994766
1124,468.9100000858307,PATAGUA_FV,470.60750000000013,-1.6974999141694411,1.6974999141694411
1125,479.94000059738755,PATAGUILLA_FV,481.1416666366667,-1.2016660392791323,1.2016660392791323
1126,464.09499864280224,PATRICIA_VERANO_FV,465.7141666566668,-1.6191680138645665,1.6191680138645665
1127,104.09999960660934,PEDREROS_FV,103.81666665666667,0.2833329499426753,0.2833329499426753
1128,137.2250009253621,PEGASUS_FV,137.50916664666667,-0.28416572130456075,0.28416572130456075
1130,5851.948751568794,PEHUENCHE_U2,13681.79822084702,-7829.849469278226,7829.849469278226
1131,48.31680178642273,PEHUI,48.316799999999965,1.786422764382678e-06,1.786422764382678e-06
1132,287.44000124931335,PELLIN_FV,288.04499998999995,-0.6049987406865966,0.6049987406865966
1133,139.6100025549531,PELUMPEN_FV,139.35916666666668,0.25083588828641723,0.25083588828641723
1135,140.87000054866076,PENCAHUE_ESTE_FV,141.32499997999994,-0.4549994313391892,0.4549994313391892
1136,280.8599982112646,PENCAHUE_FV,282.15083331333335,-1.2908351020687405,1.2908351020687405
1137,454.1999986767769,PEPA_SOLAR_1_FV,452.9166666566667,1.2833320201102083,1.2833320201102083
1138,120.41000086441636,PEQUEN_FV,120.27249999000007,0.13750087441628978,0.13750087441628978
1139,136.89999927580357,PERALILLO_FV,136.81666664666662,0.08333262913694739,0.08333262913694739
1140,219.83000030368567,PERSEFONE_SOLAR_FV,220.70083330333335,-0.8708329996476891,0.8708329996476891
1141,140.62000032886863,PESARO_FV,141.08666663666665,-0.46666630779802176,0.46666630779802176
1142,668.0,PEUCHEN,635.5,32.5,32.5
1143,453.9000026732683,PEUMO_FV,454.68333333333334,-0.783330660065019,0.783330660065019
1144,9.21699970215559,PICA_FV,9.213999979999999,0.0029997221555913,0.0029997221555913
1145,50.60160040855408,PICHILONCO,50.601600000000055,4.0855402261286144e-07,4.0855402261286144e-07
1146,93.97000120580196,PICHON_FV,94.11499998000001,-0.14499877419804363,0.14499877419804363
1147,506.5250014439225,PICUNCHE_FV,507.77499999,-1.2499985460775065,1.2499985460775065
1148,95.799999833107,PICURIO_FV,95.31666666666666,0.48333316644033175,0.48333316644033175
1149,157.81000043451786,PIDUCO_FV,158.37416666666672,-0.5641662321488639,0.5641662321488639
1150,278.10000133514404,PIEDRAS_NEGRAS,278.09999998,1.3551440360970446e-06,1.3551440360970446e-06
1151,47.4950004555285,PILAR_LOS_AMARILLOS_FV,73.11083333333332,-25.61583287780482,25.61583287780482
1152,4611.331237792969,PILMAIQUEN,4585.931200000006,25.400037792962394,25.400037792962394
1153,6.343200095929205,PILOTO_CARDONES_FV,6.340800000000004,0.002400095929201207,0.002400095929201207
1154,87.59999969601631,PILPILEN_FV,87.40000000000002,0.19999969601629175,0.19999969601629175
1155,95.89999921619892,PIRQUE_FV,95.66666666666663,0.23333254953229243,0.23333254953229243
1156,114.04740029713139,PITOTOY_FV,114.59364996999999,-0.5462496728685977,0.5462496728685977
1157,157.34499895572662,PITRA_FV,157.93749997,-0.5925010142733811,0.5925010142733811
1159,398.81999852508307,PLACILLA_FV,399.76749996,-0.9475014349169442,0.9475014349169442
1160,153.92500004917383,PLAYERITO_FV,154.33916666666664,-0.4141666174928105,0.4141666174928105
1161,152.22999892383814,PLAYERO_FV,152.63666666666666,-0.4066677428285175,0.4066677428285175
1162,139.96500023640692,PLAYERON_FV,140.36249999000003,-0.3974997535931095,0.3974997535931095
1163,447.0799978226423,PLAZA_SUNLIGHT_FV,448.3366666666666,-1.2566688440242615,1.2566688440242615
1165,468.75500160455704,PMG_CAUQUENES_FV,465.8974999999999,2.8575016045571147,2.8575016045571147
1166,89.99999999254942,POBLACION_FV,89.79999999000005,0.20000000254937333,0.20000000254937333
1167,116.3549997843802,POCILLAS_FV,116.93166666666671,-0.5766668822865171,0.5766668822865171
1168,131.39999913424253,POMUYETO_SOLAR_FV,131.62083330333334,-0.2208341690908071,0.2208341690908071
1169,119.69999895989895,PORTEZUELO_FV,119.59833329333334,0.1016656665656086,0.1016656665656086
1170,435.599999576807,POZO_ALMONTE_1_FV,431.01666664666664,4.5833329301403865,4.5833329301403865
1171,313.0000013411045,POZO_ALMONTE_2_FV,56.33666666666669,256.6633346744378,256.6633346744378
1172,638.2000014185905,POZO_ALMONTE_3_FV,268.1733333333333,370.02666808525726,370.02666808525726
1173,101.55670019239187,PRETTY_FIELD_FV,101.42668333333336,0.13001685905851446,0.13001685905851446
1174,970.9632110595703,PROVIDENCIA,970.9631999999992,1.1059571079385933e-05,1.1059571079385933e-05
1175,286.07499811798334,PSF_HORIZONTE_FV,286.5858333133334,-0.5108351953500687,0.5108351953500687
1176,130.76000028289855,PSF_LO_SIERRA_FV,131.1566666566667,-0.3966663737681415,0.3966663737681415
1177,214.80000154674053,PUANGUE_FV,215.43083333333334,-0.6308317865928075,0.6308317865928075
1178,88.78800344467163,PUCLARO,88.78799999999997,3.4446716625780027e-06,3.4446716625780027e-06
1179,143.3499992378056,PUEBLO_HUNDIDO_FV,143.84416661666666,-0.4941673788610501,0.4941673788610501
1181,87.63999928347766,PUELCHE_FV,89.65599997000001,-2.0160006865223465,2.0160006865223465
1182,9004.40001487732,PUELCHE_SUR_EO,9004.399999999998,1.4877321518724784e-05,1.4877321518724784e-05
1183,149.245001912117,PUENTE_FV,148.2166666666666,1.0283352454503927,1.0283352454503927
1184,475.89700224995613,PUERTO_SECO_FV,566.0770000000001,-90.17999775004398,90.17999775004398
1185,538.2271943092346,PULELFU,538.2271999999998,-5.690765192412073e-06,5.690765192412073e-06
1186,104.69999946653843,PULLALLI_FV,104.39999999000004,0.2999994765383889,0.2999994765383889
1187,2659.9999990463257,PULLINQUE,2660.0,-9.5367431640625e-07,9.5367431640625e-07
1188,82.50000014901161,PUNTA_BAJA_SOLAR_1_FV,82.04999999000002,0.4500001590115943,0.4500001590115943
1190,3.600000061094761,PUNTA_COLORADA_EO,3.300000000000001,0.30000006109475974,0.30000006109475974
1192,2119.029997587204,PUNTA_DE_TALCA_EO,2119.0299999999997,-2.412795765849296e-06,2.412795765849296e-06
1193,336.9999966621399,PUNTA_DEL_VIENTO,336.9999999699999,-3.307860026779963e-06,3.307860026779963e-06
1194,1501.0300052762032,PUNTA_PALMERAS_EO,1478.3899999999999,22.640005276203283,22.640005276203283
1195,3005.499989837408,PUNTA_SIERRA_EO,3005.4999999999995,-1.016259147945675e-05,1.016259147945675e-05
1196,2224.7000045776367,PUNTILLA,2224.6999999999994,4.577637355396291e-06,4.577637355396291e-06
1197,43.932000160217285,PURISIMA,43.932000000000016,1.6021726878534537e-07,1.6021726878534537e-07
1198,534.8400049395859,PVP_CHINCHORRO_FV,536.8316666666667,-1.991661727080782,1.991661727080782
1199,324.9900027811527,PVP_LA_ROSA_FV,326.0608333333334,-1.0708305521806665,1.0708305521806665
1200,130.20499866083264,PVP_MAYOS_FV,130.63916663666674,-0.43416797583410016,0.43416797583410016
1201,108.0849995687604,PVP_UNIHUE_FV,107.85833331333335,0.2266662554270482,0.2266662554270482
1202,484.72999911010265,QUEBRADA_DE_TALCA_FV,485.14666666666676,-0.41666755656410714,0.41666755656410714
1203,76.1761994487606,QUELTEHUE_FV,76.60419997,-0.42800052123939736,0.42800052123939736
1204,5436.539960861206,QUELTEHUES,5436.540000000005,-3.913879936590092e-05,3.913879936590092e-05
1205,388.755001232028,QUEMADOS_FV,390.05416662666653,-1.2991653946385213,1.2991653946385213
1206,394.56999869830906,QUETENA_FV,508.1108333333334,-113.54083463502434,113.54083463502434
1207,218.09999859333038,QUEULE_FV,217.63333331333334,0.466665279997045,0.466665279997045
1208,3693.0500185489655,QUILAPILUN_FV,3657.509999999999,35.5400185489666,35.5400185489666
1210,135.67500039748847,QUILLAY_FV,136.44333333333336,-0.7683329358448816,0.7683329358448816
1212,275.86000168323517,QUILMO_BULNES_FV,276.4458333233334,-0.5858316400982062,0.5858316400982062
1213,406.3000034838915,QUILMO_FV,406.58333330333323,-0.2833298194417466,0.2833298194417466
1214,416.90000107884407,QUINANTU_FV,410.99999999999994,5.900001078844127,5.900001078844127
1215,341.00999996066093,QUINTACABRERO_FV,342.03833333333336,-1.0283333726724209,1.0283333726724209
1251,142.33999960497022,RATULEMUS_FV,142.7566666166667,-0.41666701169648945,0.41666701169648945
1252,370.3599993288517,PMGD_GR_RAULI_FV,370.6683332933333,-0.3083339644816192,0.3083339644816192
1253,360.65500320494175,RAUQUEN_FV,360.8483333333333,-0.19333012839155117,0.19333012839155117
1254,167.08499840274453,RCU_FV,167.20833330333338,-0.12333490058884422,0.12333490058884422
1255,433.17999705672264,RDCL_SAN_FV,434.87583330333325,-1.695836246610611,1.695836246610611
1256,128.55360317230225,RECA,128.5535999999998,3.1723024562779756e-06,3.1723024562779756e-06
1257,264.7200003117323,RECOLETA_FV,265.17333331333333,-0.4533330016010382,0.4533330016010382
1258,312.75000125169754,REN_FV,313.66249997999995,-0.9124987283024097,0.9124987283024097
1259,796.3199615478516,RENAICO,796.3200000000008,-3.845214928333007e-05,3.845214928333007e-05
1260,9451.71916627884,RENAICO_2_EO,13440.349999999999,-3988.6308337211594,3988.6308337211594
1261,7314.759979724884,RENAICO_EO,7123.229746027814,191.5302336970699,191.5302336970699
1262,366.0400023087859,RENGO_FV,367.35166666666674,-1.3116643578808294,1.3116643578808294
1263,138.1000007390976,REXNER_FV,137.83249996999996,0.2675007690976372,0.2675007690976372
1264,459.0899999663234,RIMINI_FV,460.6474999600002,-1.5574999936767995,1.5574999936767995
1265,531.2999967038631,RINCONADA_ALCONES_FV,533.36999998,-2.0700032761368448,2.0700032761368448
1266,409.8900002539158,RINCONADA_FV,411.35499997999995,-1.4649997260841587,1.4649997260841587
1267,201.60000801086426,RIO_COLORADO,201.59999999999988,8.01086437718368e-06,8.01086437718368e-06
1268,3110.6000044345856,RIO_ESCONDIDO_FV,3065.55,45.05000443458539,45.05000443458539
1269,221.08799743652344,RIO_HUASCO,221.08800000000025,-2.5634768121562956e-06,2.5634768121562956e-06
1270,135.87499849684536,RIO_PEUCO_FV,136.28666661666662,-0.4116681198212575,0.4116681198212575
1271,324.4943947792053,RIO_PICOIQUEN,324.49439999999987,-5.220794548677077e-06,5.220794548677077e-06
1272,346.18080711364746,RIO_TRUENO,346.18080000000003,7.1136474275590444e-06,7.1136474275590444e-06
1273,88.39999994635582,RLA_FV,88.20000000000002,0.19999994635580265,0.19999994635580265
1274,262.21439266204834,ROBLERIA,262.2144,-7.337951672070631e-06,7.337951672070631e-06
1275,117.01999926194549,RODEO_FV,117.42833330333335,-0.4083340413878602,0.4083340413878602
1276,311.3300011754036,ROMERIA_FV,311.6199999600001,-0.28999878459649153,0.28999878459649153
1277,66.85000094026327,ROSARIO_FV,67.19249999999997,-0.3424990597366957,0.3424990597366957
1278,218.60000121593475,ROVIAN_FV,218.18333331333335,0.41666790260140374,0.41666790260140374
1279,472.5199994444847,RUCAPAINE_FV,474.10416665666685,-1.5841672121821375,1.5841672121821375
1280,4642.240989685059,RUCATAYO,4573.169355115028,69.07163457003026,69.07163457003026
1282,112.43000086024404,SAGRADA_FAMILIA_FORTUNA_15_FV,112.6616666666667,-0.23166580642266865,0.23166580642266865
1283,151.94500082731247,SALERNO_FV,152.46916664666665,-0.5241658193541809,0.5241658193541809
1284,2990.7599966153502,SALVADOR_FV,2983.296666666667,7.4633299486831675,7.4633299486831675
1285,97.21053213626146,SAMO_BAJO_FV,97.27583330333334,-0.06530116707187972,0.06530116707187972
1286,403.3699998110533,SAN_ALBERTO_FV,403.76749997000013,-0.39750015894685475,0.39750015894685475
1287,1000.5287225339562,SAN_ANDRES,1000.5286999999995,2.25339566668481e-05,2.25339566668481e-05
1288,2141.000003516674,SAN_ANDRES_FV,2135.9233333333336,5.076670183340411,5.076670183340411
1289,322.1499986127019,SAN_ANTONIO_FV,329.5241666666667,-7.374168053964809,7.374168053964809
1290,382.3299990147352,SAN_ANTONIO_SUNLIGHT_FV,383.4799999800002,-1.150000965264951,1.150000965264951
1291,129.535000115633,SAN_CAMILO_FV,129.0283333333333,0.5066667822997033,0.5066667822997033
1292,123.72499930858612,SAN_CARLOS_FV,125.72583333333324,-2.000834024747121,2.000834024747121
1294,13.209999743849039,SAN_EDUARDO_FV,13.152500000000009,0.05749974384903034,0.05749974384903034
1295,105.214999191463,SAN_EMILIO_1_FV,105.28333330333335,-0.06833411187035665,0.06833411187035665
1296,485.34499856829643,SAN_EUGENIO_FV,486.96749997,-1.6225014017035733,1.6225014017035733
1297,153.2999997511506,SAN_FRANCISCO_FV,153.48333330333335,-0.18333355218274505,0.18333355218274505
1298,111.56500010937452,SAN_FRANCISCO_PARRAL_FV,111.8141666366667,-0.24916652729217503,0.24916652729217503
1299,9065.93925189972,SAN_GABRIEL_EO,6385.440613272827,2680.498638626892,2680.498638626892
1315,15226.327109388541,SAN_ISIDRO_2-TG+TV_GN_A,17714.133654236386,-2487.8065448478446,2487.8065448478446
1316,37231.277059555054,SAN_ISIDRO_2-TG+TV_GN_B,30312.832398522787,6918.444661032267,6918.444661032267
1338,89.89999970793724,SAN_ISIDRO_FV,89.68333333333335,0.21666637460388927,0.21666637460388927
1363,24681.770233154297,SAN_ISIDRO-TG+TV_GN_A,19424.670561366605,5257.0996717876915,5257.0996717876915
1364,20969.716992761125,SAN_ISIDRO-TG+TV_GN_B,25941.064630629135,-4971.34763786801,4971.34763786801
1388,259.9249991327524,SAN_JAVIER_FV,260.43499994999996,-0.5100008172475441,0.5100008172475441
1389,153.02499812096357,SAN_JOSE_FV,160.16083333333333,-7.135835212369756,7.135835212369756
1390,6513.900012016296,SAN_JUAN_EO,6513.900000000003,1.2016293112537824e-05,1.2016293112537824e-05
1394,4383.361231908202,SAN_MATIAS_EO,3634.6172613840636,748.7439705241386,748.7439705241386
1395,1905.4000024795532,SAN_PEDRO_2_EO,1732.9000000000005,172.50000247955268,172.50000247955268
1396,1431.599995970726,SAN_PEDRO_EO,1418.7689236038082,12.831072366917851,12.831072366917851
1397,127.39999984949827,SAN_PEDRO_FV,127.30000000000003,0.09999984949824636,0.09999984949824636
1398,5237.37002325058,SAN_PEDRO_GPG_FV,3231.965848504848,2005.4041747457318,2005.4041747457318
1399,139.43500182032585,SAN_RAFAEL_FV,139.68583333333333,-0.2508315130074834,0.2508315130074834
1400,432.6999977827072,SAN_RAMIRO_FV,431.6999999800001,0.9999978027071279,0.9999978027071279
1401,402.7900036871433,SAN_VICENTE_TT_FV,404.13333333333344,-1.3433296461901136,1.3433296461901136
1402,511.52999448776245,SAND_SOLAR_FV,512.8399999899998,-1.3100055022373454,1.3100055022373454
1406,1.4224671423435211,SANISIDRO_2_CC_GNL,1.6800000000000013,-0.25753285765648015,0.25753285765648015
1410,0.6671199798583984,SANISIDRO_CC_GNL,1.6800000000000013,-1.0128800201416028,1.0128800201416028
1411,103.39999951422215,SANTA_ADRIANA_FV,103.13333332333333,0.26666619088881305,0.26666619088881305
1412,155.8649994470179,SANTA_AMELIA_FV,156.40916665666677,-0.5441672096488617,0.5441672096488617
1413,103.59499945305288,SANTA_BLANCA_ISLA_MAIPO_FV,103.86583332333333,-0.27083387028045536,0.27083387028045536
1414,134.1000010818243,SANTA_CAROLINA_FV,134.20666664666666,-0.10666556484235912,0.10666556484235912
1415,70.49999991804361,SANTA_CECILIA_FV,70.06666665666668,0.43333326137693007,0.43333326137693007
1416,96.53499970585108,SANTA_CLARA_FV,96.66583329333332,-0.13083358748224327,0.13083358748224327
1417,446.5999996513128,SANTA_CRUZ_FV,447.78,-1.1800003486871447,1.1800003486871447
1418,80.33759808540344,SANTA_ELENA,80.33760000000005,-1.914596609253749e-06,1.914596609253749e-06
1419,360.95500311627984,SANTA_ELIZABETH_FV,362.27666664666674,-1.3216635303868998,1.3216635303868998
1420,465.7700003609061,SANTA_EMILIA_FV,467.4583333233333,-1.6883329624271823,1.6883329624271823
1421,136.97000095248222,SANTA_ESTER_FV,144.0408333333333,-7.070832380851073,7.070832380851073
1422,2856.0,SANTA_FE_BL1,2856.0,0.0,0.0
1423,2072.0275506973267,SANTA_FE_BL2,1999.6214879084796,72.40606278884707,72.40606278884707
1424,1746.8518371582031,SANTA_FE_BL3,1658.3899999999992,88.46183715820393,88.46183715820393
1426,412.69999822974205,SANTA_FE_FV,410.71666665666675,1.9833315730753043,1.9833315730753043
1427,250.51000198163092,SANTA_FRANCISCA_FV,249.97249999999997,0.5375019816309532,0.5375019816309532
1428,140.3099992517382,SANTA_INES_FV,140.8408333133333,-0.530834061595101,0.530834061595101
1429,3.074400097131729,SANTA_ISABEL,3.074399999999998,9.713173110270645e-08,9.713173110270645e-08
1430,8874.979974985123,SANTA_ISABEL_FV,8566.473333333335,308.5066416517875,308.5066416517875
1431,124.99999991059303,SANTA_JULIA_FV,124.54166665666668,0.45833325392635516,0.45833325392635516
1432,89.30000051110983,SANTA_LAURA_FV,88.99999999000002,0.30000052110980846,0.30000052110980846
1434,235.0300021469593,SANTA_LUCIA_FV,235.22500000000002,-0.19499785304071793,0.19499785304071793
1435,123.42000036686659,SANTA_LUISA_FV,123.64500000000005,-0.22499963313346427,0.22499963313346427
1436,134.5899998396635,SANTA_MARGARITA_FV,135.08166665666667,-0.49166681700316417,0.49166681700316417
1437,7474.031339703128,SANTA_MARIA,7110.120000000015,363.9113397031124,363.9113397031124
1438,49.56000083684921,SANTA_MARTA,2281.946545180596,-2232.3865443437467,2232.3865443437467
1439,399.14500081539154,SANTA_PAMELA_FV,404.60416666666663,-5.459165851275088,5.459165851275088
1440,113.02999950945377,SANTA_RITA_FV,118.99666666666667,-5.966667157212896,5.966667157212896
1441,80.74079990386963,SANTA_ROSA,80.74080000000002,-9.61303925350876e-08,9.61303925350876e-08
1442,385.37000012397766,SANTA_ROSA_FV,386.7866666666667,-1.416666542689029,1.416666542689029
1443,523.1099946796894,SANTA_TERESITA_FV,525.0341666466667,-1.9241719669772692,1.9241719669772692
1444,4642.200003385544,SANTIAGO_SOLAR_FV,4607.533333333334,34.666670052210065,34.666670052210065
1445,137.20000064373016,SANTUARIO_FV,137.03333332333335,0.16666732039681165,0.16666732039681165
1446,5041.899974703789,SARCO_EO,5041.799999999999,0.09997470378948492,0.09997470378948492
1447,157.1249983534217,SATURNO_NORTE_FV,156.9716666466667,0.1533317067549831,0.1533317067549831
1448,4738.999998092651,SAUZAL,4739.0,-1.9073486328125e-06,1.9073486328125e-06
1449,382.9650990962982,SAUZALITO,382.9651,-9.037017889568233e-07,9.037017889568233e-07
1450,223.18499844521284,SC_FLOR_DEL_LLANO_FV,223.53499996,-0.35000151478715225,0.35000151478715225
1451,50.29999939352274,SDGx01_FV,50.04999998999999,0.24999940352275019,0.24999940352275019
1452,453.1500042974949,SGT_CATAPILCO_FV,454.52250000000004,-1.372495702505148,1.372495702505148
1453,76.0950006954372,SGT_CHOLGUAN_FV,76.29583333333339,-0.2008326378961982,0.2008326378961982
1454,288.4500014036894,SGT_TUCAPEL_FV,289.0816666666666,-0.6316652629772079,0.6316652629772079
1455,4647.430001378059,SIERRA_GORDA_EO,3422.9039999999986,1224.5260013780608,1224.5260013780608
1456,363.9800018891692,SIETE_COLORES_FV,364.4674999799999,-0.48749809083068385,0.48749809083068385
1457,28.5699995867908,SIRIMAVO_FV,121.75333333333333,-93.18333374654253,93.18333374654253
1458,175.23500098660588,SLK_808_FV,175.74416663666665,-0.5091656500607655,0.5091656500607655
1459,144.86000257730484,SLK_CB_NUEVE_FV,145.2516666466667,-0.39166406936186604,0.39166406936186604
1460,151.19500061497092,SOFIA_FV,151.70666666666668,-0.5116660516957552,0.5116660516957552
1461,12203.161147221923,SOL_DE_DESIERTO_FV,12191.41333333334,11.74781388858355,11.74781388858355
1462,8267.114003777504,SOL_DE_LILA_FV,8806.349999999999,-539.2359962224946,539.2359962224946
1463,3695.210292339325,SOL_DE_LOS_ANDES_FV,4364.4,-669.1897076606747,669.1897076606747
1464,420.801798094064,SOL_DE_SEPTIEMBRE_FV,421.91761661666675,-1.1158185226027513,1.1158185226027513
1465,20.878399874083698,SOL_DEL_MAULE_FV,20.99839999,-0.12000011591630155,0.12000011591630155
1466,205.69999942928553,SOL_DEL_NORTE_ANDES_FV,224.58333333333337,-18.883333904047845,18.883333904047845
1467,132.85999979823828,SOL_DEL_NORTE_FV,132.90833330333334,-0.048333505095058626,0.048333505095058626
1468,139.9100017696619,SOL_SANTA_INES_FV,140.3133333333334,-0.40333156367148604,0.40333156367148604
1469,119.60499873943627,SOLAR_DEL_BUENO_FV,119.34916666666672,0.2558320727695502,0.2558320727695502
1470,124.82999870181084,SOLARPARK_MALLOA_FV,125.09833329333333,-0.26833459152248906,0.26833459152248906
1471,116.63499755784869,SOY_SOLAR_FV,116.54833330333334,0.08666425451535531,0.08666425451535531
1472,380.7150005996227,SUNHUNTER_FV,381.3633333133333,-0.6483327137106016,0.6483327137106016
1473,503.34599843621254,TABOLANGO_FV,505.1463333233334,-1.8003348871208686,1.8003348871208686
1474,11051.060231760144,TAIRA_FV,1106.4481748021556,9944.612056957989,9944.612056957989
1475,484.9299981147051,TALAGANTE_2_FV,486.65749997000006,-1.7275018552949746,1.7275018552949746
1476,88.21500001102686,TALCA_FV,88.18849999,0.02650002102686244,0.02650002102686244
1477,108.79999925196171,TALHUEN_FV,108.83333332333332,-0.033334071371612595,0.033334071371612595
1478,2493.189997587353,TALINAY_ORIENTE_EO,2397.9124999999995,95.27749758735354,95.27749758735354
1479,2891.8200091850013,TALINAY_PONIENTE_EO,2793.66,98.1600091850014,98.1600091850014
1480,441.974999088794,TALLADO_FV,443.2274999800002,-1.2525008912061821,1.2525008912061821
1505,4131.580008506775,TALTAL_EO,4826.54,-694.9599914932251,694.9599914932251
1507,1621.8999952375889,TAMANGO_FV,1598.7333333333331,23.16666190425576,23.16666190425576
1508,563.1999999880791,TAMARAMA_FV,563.6774999999999,-0.47750001192082436,0.47750001192082436
1509,2877.8299605846405,TAMARICO_FV,2619.595841321952,258.23411926268864,258.23411926268864
1510,140.8081998322159,TAMARUGO_FV,140.30200000000005,0.5061998322158558,0.5061998322158558
1512,131.51000090688467,TAMBO_REAL_FV,131.55500000000004,-0.044999093115364985,0.044999093115364985
1513,466.8500003963709,TARANTO_FV,468.3816666266667,-1.531666230295798,1.531666230295798
1514,534.7700019162148,TARUCA_FV,535.7408333133333,-0.9708313971184452,0.9708313971184452
1515,5142.299991831183,TCHAMMA_EO,4685.866439696086,456.43355213509767,456.43355213509767
1516,5.500000096857548,TECHOS_DE_ALTAMIRA_FV,5.491666666666666,0.008333430190881508,0.008333430190881508
1517,10.3503737449646,TENO,12.251999999999983,-1.9016262550353833,1.9016262550353833
1518,347.16480182111263,TENO_FV,347.34896666666685,-0.1841648455542213,0.1841648455542213
1521,134.094999037683,TES_SOLAR_FV,134.33833329333333,-0.24333425565032485,0.24333425565032485
1522,426.2834995575249,TIERRA_FV,426.6684833333334,-0.3849837758085073,0.3849837758085073
1523,128.5484994072467,TIJERAL_FV,129.04849999000004,-0.50000058275333,0.50000058275333
1524,83.27000059746206,TIL_TIL_FV,83.30666663666666,-0.03666603920460432,0.03666603920460432
1526,1.536540001630783,TOCOPILLA_U16_CA_GNL,0.4800000000000002,1.0565400016307829,1.0565400016307829
1533,2371.8248748779297,TOCOPILLA_U16-TG_GNL_B,2164.671999999998,207.15287487793148,207.15287487793148
1562,4809.334830284119,TOLPAN_SUR_EO,4105.449545096738,703.8852851873808,703.8852851873808
1563,143.02999877929688,TOPACIO_FV,143.41833329333332,-0.38833451403644403,0.38833451403644403
1564,322.90000036358833,TORINO_FV,323.02083333333337,-0.1208329697450381,0.1208329697450381
1565,135.75500063225627,TORTUGA_SOLAR_FV,136.09249997999996,-0.3374993477436874,0.3374993477436874
1566,991.9099951684475,TOTORAL_EO,989.7900000000001,2.119995168447417,2.119995168447417
1567,96.76799583435059,TRAILELFU,96.76799999999989,-4.165649301057783e-06,4.165649301057783e-06
1568,71.51760149002075,TRANCA_DEL_TORO,71.51760000000003,1.4900207219170625e-06,1.4900207219170625e-06
1569,457.5399996265769,TRANQUE_DEL_SOL_FV,459.36999999,-1.8300003634230961,1.8300003634230961
1570,68.39279866218567,TRANQUIL,68.39279999999998,-1.3378143108866425e-06,1.3378143108866425e-06
1572,112.81999830156565,TRAVESIA_FV,113.24416666666669,-0.42416836510103906,0.42416836510103906
1573,131.8300016708672,TREBAL_SOLAR_FV,132.1958333333334,-0.36583166246620635,0.36583166246620635
1574,154.85000048950315,TREBO_FV,155.4983333133334,-0.648332823830259,0.648332823830259
1575,84.99999978393316,TRICA_DOS_FV,84.61666665666667,0.3833331272664964,0.3833331272664964
1576,436.30000334978104,TRICAHUE_2_FV,435.5999999999999,0.7000033497811273,0.7000033497811273
1577,3.3799998871982098,TRIGAL_FV,3.37749999,0.002499897198209755,0.002499897198209755
1579,150.34500049054623,TRINIDAD_FV,150.8308333333334,-0.4858328427871754,0.4858328427871754
1580,119.14560413360596,TRUFUL-TRUFUL,119.14559999999992,4.133606040568338e-06,4.133606040568338e-06
1581,103.59999909996986,TUCUQUERE_FV,103.31666665666667,0.28333244330319474,0.28333244330319474
1582,69.48499897308648,TURQUIA_FV,69.29249994999998,0.1924990230864978,0.1924990230864978
1583,377.20000007748604,TUTUVEN_FV,378.25,-1.0499999225139618,1.0499999225139618
1584,236.99999899417162,UCUQUER_2_EO,237.00000000000003,-1.0058284090064262e-06,1.0058284090064262e-06
1585,64.69999998807907,UCUQUER_EO,63.92833331333333,0.7716666747457381,0.7716666747457381
1596,1283.0999995842576,URIBE_SOLAR_FV,473.15211587442263,809.947883709835,809.947883709835
1597,2213.205193579197,USYA_FV,619.6499669168752,1593.5552266623217,1593.5552266623217
1598,0.5999998059123755,UTFSM_VALPARAISO_VALDES_FV,0.5766666466666669,0.023333159245708557,0.023333159245708557
1599,9.110999944154173,UTFSM_VINA_DEL_MAR_FV,9.109466666666664,0.0015332774875087551,0.0015332774875087551
1600,0.2799999937415123,UTFSM_VITACURA_FV,0.28,-6.258487728061368e-09,6.258487728061368e-09
1601,1344.0,VALDIVIA_BL1_EUCA,1339.99,4.009999999999991,4.009999999999991
1603,1344.0,VALDIVIA_BL2_EUCA,1264.0900000000001,79.90999999999985,79.90999999999985
1605,575.0,VALDIVIA_BL3_EUCA,523.1236239993008,51.876376000699224,51.876376000699224
1609,118.59999889135361,VALLE_DE_LA_LUNA_2_FV,118.68333330333333,-0.08333441197972036,0.08333441197972036
1610,4031.620021224022,VALLE_DE_LOS_VIENTOS_EO,3150.2654545454543,881.3545666785676,881.3545666785676
1611,5483.7299935519695,VALLE_DEL_SOL_FV,5121.130666666667,362.5993268853026,362.5993268853026
1612,4962.399994730949,VALLE_ESCONDIDO_FV,4884.94,77.4599947309498,77.4599947309498
1613,443.1699988618493,VALLE_SOLAR_ESTE_FV,443.96083333333326,-0.7908344714839473,0.7908344714839473
1614,421.73499675653875,VALLE_SOLAR_OESTE_FV,422.00083330333325,-0.2658365467945032,0.2658365467945032
1615,78.97000001370907,VELASCO_FV,79.33833333333334,-0.36833331962426996,0.36833331962426996
1616,376.7200016975403,VENEZIA_FV,376.9041666566666,-0.18416495912629216,0.18416495912629216
1617,428.43999992311,VENTURADA_FV,428.8658333333334,-0.4258334102233903,0.4258334102233903
1618,138.73000096529722,VERONA_FV,138.8616666466667,-0.1316656813694692,0.1316656813694692
1619,127.8615996465087,VICENTE_FV,128.23409995999998,-0.37250031349128676,0.37250031349128676
1620,260.67499938979745,VICTORIA_FV,409.5866666566666,-148.91166726686913,148.91166726686913
1621,403.5799999386072,VILLA_ALEGRE_FV,404.41666664666667,-0.8366667080594539,0.8366667080594539
1622,116.35000057145953,VILLA_ALEMANA_FV,116.60749998000001,-0.2574994085404825,0.2574994085404825
1623,90.10000018030405,VILLA_CRUZ_FV,89.8,0.3000001803040533,0.3000001803040533
1624,98.25000013038516,VILLA_FV,98.0008333333333,0.2491667970518563,0.2491667970518563
1625,375.49999909102917,VILLA_LONGAVI_FV,375.99999997,-0.500000878970809,0.500000878970809
1626,147.33500091731548,VILLA_MOSCOSO_FV,147.84333333333333,-0.5083324160178506,0.5083324160178506
1627,132.1900004222989,VILLA_PRAT_FV,132.5633333033334,-0.3733328810344858,0.3733328810344858
1628,88.30000012367964,VILLA_SECA_FV,87.88333333333338,0.4166667903462553,0.4166667903462553
1629,1680.0,VINALES_BL1,1679.9099999999999,0.09000000000014552,0.09000000000014552
1630,1387.3834306001663,VINALES_BL2,1176.5,210.88343060016632,210.88343060016632
1631,328.22999837994576,VINAS_DEL_SOL_FV,329.32166666666666,-1.0916682867209033,1.0916682867209033
1632,256.76499800384045,VIOLETA_FV,257.88416664666664,-1.119168642826196,1.119168642826196
1633,135.34499917924404,VITUCO_2B_FV,135.81749998,-0.47250080075596657,0.47250080075596657
1634,1409.0000047683716,VOLCAN,1409.0000000000002,4.7683713546575746e-06,4.7683713546575746e-06
1635,4964.960082054138,WILLKA_FV,4824.213333333332,140.74674872080595,140.74674872080595
1636,278.8250026591122,YAHUTELA_FV,279.60333331333334,-0.7783306542211221,0.7783306542211221
1647,1243.9334428310394,NUEVO_QUILLAGUA_2_FV,291.8833333333334,952.050109497706,952.050109497706
1648,7975.056342586875,DESIERTO_DE_ATACAMA_FV,13327.583333293336,-5352.526990706461,5352.526990706461
1649,422.8000003248453,GUINDO_SANTO_FV,423.71666665666663,-0.9166663318213182,0.9166663318213182
1650,565.2799982391298,CAUCE_FV,567.7475000000002,-2.467501760870391,2.467501760870391
1652,202.60000014305115,LAS_NIEVES,194.69999999999985,7.900000143051301,7.900000143051301
1653,138.54999986290932,MILLAHUE_FV,139.11609999000004,-0.5661001270907207,0.5661001270907207
1655,405.324998319149,SUNRAY_FV,406.4208333333332,-1.0958350141841606,1.0958350141841606
1656,571.9999988079071,LA_PERLA_DEL_NORTE_FV,573.9816666466667,-1.981667838759563,1.981667838759563
1657,497.70499843358994,GONZALINA_TUNICHE_SUNLIGHT_FV,499.3516666566667,-1.6466682230767447,1.6466682230767447
1658,132.88999885320663,FRAGATA_FV,132.27083333333331,0.6191655198733201,0.6191655198733201
1659,136.33500036038458,PUMAS_FV,136.6458333133333,-0.31083295294871505,0.31083295294871505
1660,422.2300014719367,CHAMONATE_SOLAR_FV,422.39666666666676,-0.16666519473005792,0.16666519473005792
1661,212.18400192260742,DON_TITO,212.18400000000014,1.9226072822675633e-06,1.9226072822675633e-06
1662,126.86999864131212,FOTOVOLTAICA_ESMERALDA_FV,127.08166663666667,-0.21166799535454572,0.21166799535454572
1663,129.3699997290969,ALGARROBO_V_FV,129.49083331333338,-0.12083358423649315,0.12083358423649315
1664,90.68839982151985,COLLANCO_FV,91.19171663666668,-0.5033168151468317,0.5033168151468317
1665,119.59500039368868,BELLOTO_B_FV,119.69333328333335,-0.09833288964466647,0.09833288964466647
1666,247.47499971091747,ENCINA_3_FV,247.6241666466667,-0.14916693574923556,0.14916693574923556
1667,3731.0499982833862,CKHURI_EO,3548.856666656667,182.1933316267191,182.1933316267191
1668,437.89999962598085,CALEU_FV,435.25000000000006,2.649999625980797,2.649999625980797
1669,459.1949963532388,LAS_GUINDILLAS_FV,459.8833333233332,-0.6883369700943831,0.6883369700943831
1679,137.9800006635487,DONA_BERTA_FV,138.47416666666666,-0.4941660031179538,0.4941660031179538
1680,451.92499705031514,AMANECER_FV,447.4591666666666,4.465830383648552,4.465830383648552
1681,390.0699989795685,SAN_RAMON_FV,391.53583331333334,-1.4658343337648603,1.4658343337648603
1682,21.31920039653778,PIUTEL,21.319199999999967,3.965378141401743e-07,3.965378141401743e-07
1683,471.2350019812584,CORRALES_DEL_VERANO_FV,472.82833332333314,-1.5933313420747481,1.5933313420747481
1686,151.32499911636114,RANGUIL_SOLAR_NORTE_FV,151.87083331333332,-0.54583419697218,0.54583419697218
1687,430.25999876111746,LA_COSECHA_FV,430.5041666666668,-0.24416790554931822,0.24416790554931822
1688,97.85999865829945,CHILLAN_VICENTE_MENDEZ_FV,98.05916662666665,-0.19916796836720607,0.19916796836720607
1689,108.23500067740679,RAMIREZ_VERANO_FV,108.38916665666665,-0.15416597925985798,0.15416597925985798
1690,9803.33991701901,ANDES_3_FV,8539.873480472052,1263.466436546958,1263.466436546958
1691,455.4899986386299,ALCAZAR_FV,456.54083331333334,-1.0508346747034238,1.0508346747034238
1692,159.35999705642462,PUIG_SUNLIGHT_FV,160.14499998999997,-0.7850029335753561,0.7850029335753561
1693,156.79499887302518,DINAMO_FV,157.3741666666667,-0.5791677936415169,0.5791677936415169
1696,158.54999912902713,FALCON_FV,159.12666666666675,-0.5766675376396222,0.5766675376396222
1697,259.5431900024414,DON_EUGENIO,259.5432000000002,-9.99755877728603e-06,9.99755877728603e-06
1698,10577.600031644106,VICTOR_JARA_FV,6865.34932965774,3712.250701986366,3712.250701986366
1699,31.775000287219882,LA_ROSA_DE_SHARON_FV,31.702500000000008,0.07250028721987434,0.07250028721987434
1700,95.05999985337257,VALLE_ALEGRE_FV,94.54333333333334,0.5166665200392373,0.5166665200392373
1701,136.14000042714179,LA_BRUJULA_FV,136.75249997,-0.6124995428582167,0.6124995428582167
1703,354.44000428915024,ANDROMEDA_FV,355.3633333233335,-0.9233290341832685,0.9233290341832685
1704,221.19999869167805,YUNGAY_2_TRILALEO_FV,221.66416664666664,-0.4641679549885964,0.4641679549885964
1705,140.33999982848763,ANGOL_SOLAR_1_FV,140.8641666566667,-0.5241668281790623,0.5241668281790623
1706,14.57479998935014,CHILLAN_CONFLUENCIA_FV,14.520633313333333,0.05416667601680736,0.05416667601680736
1707,127.45999999716878,HORTENSIAS_FV,127.76083333333335,-0.30083333616457253,0.30083333616457253
1708,138.71113996207714,CONCORDE_FV,387.38666666666677,-248.67552670458963,248.67552670458963
1709,148.0849998779595,CUARZO_FV,147.60416664666664,0.4808332312928485,0.4808332312928485
1710,141.3699992261827,BOIX_FV,140.30083333333334,1.0691658928493553,1.0691658928493553
1711,183.06500087305903,ARTEMISA_FV,183.72249997000003,-0.6574990969409953,0.6574990969409953
1712,432.7200013399124,CHILOE_FV,432.9716666666667,-0.2516653267542779,0.2516653267542779
1713,449.5999974682927,CAIMANES_FV,451.1666666566667,-1.5666691883739645,1.5666691883739645
1714,12353.199863910675,GABRIELA_FV,12012.349999999999,340.8498639106765,340.8498639106765
1715,143.34999972209334,HERGO_LOS_SAUCES_FV,143.83833332333336,-0.488333601240015,0.488333601240015
1716,593.3049986530095,LINCE_FV,595.9374999700001,-2.632501316990556,2.632501316990556
1718,10266.300035476685,ESTEPA_FV,10124.336666666668,141.96336881001662,141.96336881001662
1719,518.2800013124943,CERES_FV,519.8533333133332,-1.5733320008389455,1.5733320008389455
1720,390.3899996429682,MAULE_X_FV,391.0183333133334,-0.6283336703652367,0.6283336703652367
1721,275.1350000947714,VILLA_CVE_FV,275.9883332933333,-0.853333198561927,0.853333198561927
1722,118.76000055670738,LAS_TACAS_FV,118.67333333333335,0.08666722337403598,0.08666722337403598
1724,77.91499861329794,JACARANDA_FV,77.52333331333338,0.3916652999645578,0.3916652999645578
1725,3.7295999228954315,EL_ARRAYAN,3.7296000000000062,-7.710457472498433e-08,7.710457472498433e-08
1726,374.09999937564135,PMG_RAULI_FV,374.72499998,-0.6250006043586609,0.6250006043586609
1727,395.35599859058857,DRUX_FV,395.65766665666666,-0.3016680660780935,0.3016680660780935
1728,5887.339972302318,LIBELULA_FV,5901.776666666668,-14.436694364349933,14.436694364349933
