name,g_energy,p_energy,de,g_peak,p_peak,dp,g_loss_ana,g_loss_rep,rev
AJahuel110->Sauzal110_BP1,-4704.978469848633,4747.977704875061,-9452.956174723695,35.467071533203125,35.9220322883972,-0.4549607551940724,48.69424971899414,42.999238818883896,1
AJahuel154->Paine154,6950.551832675934,15143.825698476747,-8193.273865800813,139.2607879638672,133.954604576296,5.3061833875711955,119.17638070670318,118.71881307289004,0
AJahuel154->Tuniche154_II,7957.812687814236,9971.599425786531,-2013.7867379722957,113.1922607421875,102.760293877307,10.431966864880494,180.71966543900103,179.39488357515074,0
AJahuel220->AJahuel110,21120.06732940674,21599.565644893726,-479.49831548698785,188.56919860839844,191.066451728459,-2.497253120060549,14.459476916503906,14.085121339187026,0
AJahuel220->AJahuel154,14919.79964542389,24412.833924616385,-9493.034279192496,240.0,224.71101614152,15.288983858480009,11.52224982472229,11.435280981881078,0
AJahuel220->Buin110,11901.231304168701,11895.325813919648,5.9054902490534005,91.1806869506836,91.1395076632857,0.04117928739789534,4.353317315063476,3.905520984902978,0
AJahuel220->Chena220,16868.8218460083,13516.621298812757,3352.2005471955435,162.49574279785156,152.683289760869,9.81245303698256,92.8077415259385,87.64408420026302,0
AJahuel220->PAltoCmpc110,4416.543762207031,4351.463012213133,65.08074999389828,29.094879150390625,28.984279857688,0.11059929270262359,13.870058395612741,13.806612569838762,0
AJahuel220->SantaMarta220,16798.040145874023,11959.110142916052,4838.930002957972,161.29278564453125,144.474693347774,16.818092296757243,32.64301363327021,30.791340613737702,0
AJahuel500->AJahuel220,93887.89028930664,88784.1656179746,5103.724671332035,818.5628051757812,720.586788898167,97.97601627761424,368.99622719687505,359.76804065704346,0
Alfalfal220->Almendros220,8700.517890453339,8710.211073684211,-9.693183230872819,110.44999694824219,117.55,-7.10000305175781,21.566412011356352,19.24268771894276,0
Almendros110->Apoquindo110,14790.02834701538,21448.153749590296,-6658.125402574915,205.8605499267578,241.403397960729,-35.54284803397118,20.664673306263726,20.201562728907447,0
Almendros220->AJahuel220,-18293.849296569824,21738.846370967436,-40032.695667537264,236.7282257080078,246.924951142634,-10.196725434626188,65.8406496317802,63.925811289809644,1
Almendros220->Almendros110,26975.12445831299,30449.057444651648,-3473.9329863386592,256.6244201660156,282.438556958643,-25.81413679262738,123.56854401074219,122.05673098564148,0
AMelipill220->LoAguirre220,-6168.755823135376,13674.552203579638,-19843.308026715014,138.5598602294922,138.506719071851,0.05314115764119265,115.11545582177352,109.30347375274869,1
Ancoa220->Itahue154,18804.27874660492,25866.383589160298,-7062.104842555378,240.0,229.889117133218,10.110882866781992,235.36633334558377,233.61978293582797,0
Ancoa500->AJahuel500,36962.08088994026,74536.91228151174,-37574.83139157148,837.2876586914062,852.599798800898,-15.312140109491793,108.45090975821607,95.82477055391064,0
Ancoa500->Ancoa220,30249.9210832119,10676.771135368557,19573.14994784334,568.1892700195312,256.461093109342,311.72817691018923,12.574952243735284,12.073254324961454,0
Andes220->Oeste220,29442.941120147705,14796.278482479955,14646.66263766775,428.0,248.06,179.94,659.7701545171869,732.2680902257562,0
Andes345->Andes220,-5790.534729003906,0.0,-5790.534729003906,58.15275955200195,0.0,58.15275955200195,0.0,0.0,0
Angamos220->Kapatur220,48462.743530750275,48006.630259345206,456.1132714050691,497.7409362792969,497.740928247959,8.031337870306743e-06,71.21026819768382,76.00461864170211,0
Antofag110->Desalant110,1606.7599630653858,1796.5517174875592,-189.79175442217343,44.30708312988281,21.5925788903953,22.714504239487514,6.464454913787566,8.771048119087936,0
Antuco220->Charrua220,13012.85482788086,14373.611676114375,-1360.7568482335155,205.62855529785156,233.9427019909,-28.31414669304843,41.61436035742187,33.09345560986549,0
Antuco220->Trupan220,5977.026214599609,6058.695434229812,-81.66921963020286,110.317138671875,121.756892102169,-11.439753430294004,6.565920889587402,5.492850309237838,0
Apoquindo110->ElSalto110,-27682.624588012695,21004.29655985467,-48686.92114786737,245.49136352539062,195.936366619981,49.55499690540964,93.87336447523256,92.36166997253895,1
Arica066->PAlmonte110,3273.094270646572,3323.3455190412083,-50.25124839463615,29.0,44.2,-15.200000000000003,400.02992462773364,468.2143495082855,0
ASanta110->Mirafl110,17105.794887542725,15588.93693433686,1516.8579532058648,128.67922973632812,124.412989606883,4.266240129445123,25.235784405247294,24.663708057254553,0
ASanta220->ASanta110,37132.51139831543,35410.38706199963,1722.1243363157992,261.9151916503906,258.73857170944,3.1766199409506157,205.38077631377755,204.31838709115982,0
Atacama220->OHiggins220,-14117.618010520935,22443.729080055982,-36561.34709057692,223.06370544433594,249.215884393446,-26.152178949110066,215.51755544169092,313.2034779936075,1
Batuco110->PPeuco110_I,-9149.313888549805,5666.964462291159,-14816.278350840963,93.11095428466797,71.5335935208228,21.577360763845164,83.6944835079956,80.39955317229033,1
Cachiyuyal220->DAlmagro220,1685.6150289997458,3453.4475130573046,-1767.8324840575588,56.06264877319336,56.6392456130765,-0.5765968398831376,7.56673940219524,48.39862533286214,0
Candela220->AJahuel220,11018.10754776001,6345.521017102918,4672.586530657091,422.75823974609375,130.977971945696,291.7802678003977,88.32094711598968,85.00906223151833,0
Canutilla220->PMontt220,15671.153799057007,10069.908209154964,5601.245589902042,172.0,172.0,0.0,147.78084205114746,147.21140713244677,0
Capricorn220->Capricorn110,13566.262489318848,21652.4120802178,-8086.149590898953,104.2223892211914,181.77858679868,-77.5561975774886,0.0,0.0,0
Capricornio110->Antofag110,3265.2647859740537,1222.8883953235672,2042.3763906504864,50.762752532958984,20.3099168878658,30.452835645093185,27.23904890769997,38.059334774981835,0
Capricornio110->ElNegro110,1644.4477219581604,1420.0590465695325,224.38867538862792,17.733644485473633,11.9006096258448,5.8330348596288335,6.973266696039918,224.38868105970323,0
Capricornio110->LaNegra110,12768.0,24340.1978467734,-11572.1978467734,76.0,205.543494207846,-129.543494207846,537.66406321152,533.9303112030029,0
Capricornio220->Mantos220,-1830.0291099846363,4827.24521954519,-6657.274329529826,70.69788360595703,79.9670048846183,-9.269121278661274,2.454534738963353,18.961438997182995,1
Cardones220->Cardones110,11931.662715911865,14257.898963228721,-2326.236247316856,155.59812927246094,187.502348848462,-31.904219576001054,31.004463117867967,46.42793619958684,0
Cardones220->CPinto220,-28204.67491710186,30341.719667955433,-58546.39458505729,527.0857543945312,485.274665868757,41.81108852577427,455.22448011210975,797.3581421582494,1
Cautin220->RioTolten220,9037.147164106369,15629.318887147947,-6592.171723041578,227.5732421875,240.0,-12.4267578125,60.12649912662506,91.46966802887619,0
Chacaya220->Capricornio220,11873.387937545776,16698.487302083762,-4825.099364537986,102.27714538574219,147.752657732518,-45.475512346775815,81.7029447416273,137.15456030517817,0
Chacaya220->ElCobre220,-5054.289203718305,4999.614041607083,-10053.903245325388,158.68296813964844,127.375008097394,31.307960042254436,23.451555691405595,934.7978159636259,1
Chacaya220->Mejillones220,5301.505513429642,8318.227758291596,-3016.722244861954,81.23809814453125,97.8081829360424,-16.57008479151115,0.7726116391762158,0.8558628999362554,0
Charrua066->Cholguan066,-861.0241808593273,909.5958333333335,-1770.6200141926608,12.413671493530273,12.92,-0.5063285064697265,21.628006500922144,19.47581415064633,1
Charrua154->Charrua066,-1087.9573158919811,4345.861874800993,-5433.819190692974,66.97576904296875,72.0005351789278,-5.024766135959055,13.110852041388192,12.656216350820614,1
Charrua154->Chillan154,-2001.6392495036125,6403.774552727095,-8405.413802230709,93.18523406982422,88.8035202326312,4.381713837193018,50.04192583320918,48.57690923300106,1
Charrua154->Conce154,10031.617572784424,10092.047710480228,-60.43013769580466,106.0699234008789,105.671200528803,0.39872287207590773,270.79504723846435,264.8109442591667,0
Charrua154->Parral154,2047.159264922142,6240.944406944874,-4193.785142022732,57.778865814208984,58.7283225012827,-0.9494566870737131,186.81578895483065,183.53143697790802,0
Charrua220->Charrua154,310.5472075305879,13073.431730022101,-12762.884522491513,205.42929077148438,211.552917517526,-6.123626746041623,7.88124362314243,7.679445566784125,0
Charrua220->Charrua500,67435.77165603638,70523.55385851253,-3087.7822024761554,775.650634765625,766.732204526545,8.918430239079953,21.40678695249294,20.649567633168772,0
Charrua220->Conce154,15621.525703430176,15312.978660976376,308.5470424537998,113.11569213867188,111.021485121886,2.094207016785873,220.18243034557554,213.20772582292557,0
Charrua220->Duqueco220,675.5746412053704,1495.692673103909,-820.1180318985387,25.59392547607422,40.0096721836972,-14.41574670762298,1.45292844671029,0.8530832086107694,0
Charrua220->Hualpen220,13196.024936676025,12902.243985519826,293.7809511561991,105.35942077636719,103.075674783283,2.2837459930841817,67.2449648497244,65.4427066296339,0
Charrua220->Lagunillas220,13739.463989257812,13409.593649734918,329.87033952289494,114.65348815917969,112.092266326798,2.5612218323816904,65.57272606218406,58.85742770135403,0
Charrua220->Mulchen220,-66443.41508483887,62583.07478869416,-129026.48987353302,457.0,457.0,0.0,763.5245569079447,761.5180790424347,1
Charrua500->Ancoa500,22467.18699645996,23507.851986759415,-1040.664990299454,258.3333435058594,255.577409125649,2.7559343802103626,71.27610970581055,67.50858879744192,0
Chena110->LoEspejo110,38591.60348510742,41830.15500599256,-3238.5515208851357,326.144775390625,342.373478509679,-16.22870311905399,27.33824220125625,27.071126993745565,0
Chena220->Chena110,47158.39572143555,51248.09838520863,-4089.7026637730814,436.46539306640625,448.79932537704,-12.33393231063377,187.05192027539061,183.75546434521675,0
Chillan154->SantaElvira066,-3598.4624791145325,3436.5634099894487,-7035.025889103981,33.10573959350586,33.4187355774874,-0.31299598398154416,23.886131140660364,23.25031187850982,1
Chiloe110->Degan110,574.7329978942871,574.3076494677753,0.4253484265118459,4.681005477905273,4.68093519344783,7.028445744339251e-05,0.007263240330319046,0.025350399993840256,0
Chiloe110->Pid-Pid110,6510.976173400879,5726.385483067223,784.5906903336563,57.82783508300781,43.751471133047,14.076363949960815,190.72177538396934,721.9577284753323,0
Cholguan220->Charrua220,755.1742848753929,1421.8975230271096,-666.7232381517167,33.67854309082031,34.5937189739159,-0.9151758830955856,1.0049973896713853,0.7323353959945962,0
Chuqui220->Chuqui100,32425.272338867188,29953.891981591143,2471.3803572760444,254.24778747558594,246.003512345968,8.244275129617932,0.0,0.0,0
Chuquicamata100->S-AA100,9970.85956954956,8583.939034404662,1386.9205351448982,96.561279296875,105.671646495214,-9.110367198339006,0.032081898576660155,0.05255829984525917,0
Chuquicamata100->S-Km6100,-10372.835891723633,11105.341565374352,-21478.177457097983,61.78310012817383,105.152748293415,-43.36964816524117,36.505727734863285,43.163968443870544,1
Cipreses154->Itahue154,18060.51365661621,30061.72239613463,-12001.20873951842,153.09913635253906,192.910616043718,-39.81147969117893,519.9864843406004,508.7171413898468,0
Ciruelos220->Prropulli220,3565.4129281044006,8636.047830231397,-5070.634902126996,125.45352172851562,134.979695713361,-9.526173984845371,42.97669998943359,84.35643917508423,0
Ciruelos220->Valdivia220,8261.351248204708,9632.570219580995,-1371.2189713762873,105.3078842163086,122.399032742464,-17.091148526155408,30.15850277302887,55.36310992349172,0
CNavia110->Batuco110_I,-1223.8586503006518,3097.339527846085,-4321.198178146737,36.78217315673828,41.042494574185,-4.260321417446718,5.340089878674864,4.074185952136759,1
CNavia110->Chena110,19880.32448577881,17113.668216888724,2766.656268890085,164.16175842285156,145.287484428306,18.874273994545575,84.3530955792293,81.28096738830209,0
CNavia220_Aux_D->Polpaico220,-1544.9528439044952,31658.617173606064,-33203.57001751056,15.38653564453125,361.899308649848,-346.5127730053168,0.49833630717372895,0.0,1
CNavia220->Chena220,13541.195310115814,23661.149424067866,-10119.954113952052,150.8791046142578,232.660466360462,-81.7813617462042,15.98897188697033,14.875831781537272,0
CNavia220->CNavia110,23928.018666625023,33351.10116749608,-9423.08250087106,325.2398376464844,349.648705060569,-24.408867414084625,11.127284546314826,10.92446211828792,0
CNavia220->CNavia220_Aux_D,-1544.9528439044952,31658.617173606064,-33203.57001751056,15.38653564453125,361.899308649848,-346.5127730053168,0.0,0.0,1
Cochrane220->Encuentro220,30154.272797832265,27516.78020913329,2637.4925886989768,491.60400390625,489.604,2.000003906250015,455.19028183863054,2103.141956552863,0
Colbun220->Ancoa220,-31100.04135465622,23788.93689584418,-54888.9782505004,488.64813232421875,233.083012432918,255.56511989130075,4.36143266689822,4.287586584716337,1
Colbun220->PNegro220,30182.832265853882,22723.35911735774,7459.473148496141,555.486328125,214.165505649517,341.320822475483,419.9729663496875,409.98871244862676,0
Conce154->Conce066,10440.529678344727,10697.452627912457,-256.92294956773003,74.30564880371094,75.8243048787878,-1.518656075076862,19.547757882026794,19.20713611319661,0
Conce154->SVicente154,4182.928429603577,4429.278274838423,-246.34984523484673,50.29496765136719,52.8800441650825,-2.5850765137153147,4.616867314743042,3.99343738432799,0
Coronel154->Coronel066,12313.669960021973,12006.153083148502,307.5168768734711,91.47340393066406,89.5179027007091,1.9555012299549617,30.056383753660768,29.93151207268238,0
Coronel154->Horcones066,3391.04395198822,3266.416686945649,124.62726504257125,40.06316375732422,37.3694226357735,2.6937411215507154,128.93082415340652,124.63727245479822,0
Coronel66->Conce066,294.5041961669922,75.90966313087799,218.5945330361142,3.6212618350982666,1.52752645680579,2.0937353782924766,0.9851223504746978,0.8054261995566776,0
Crucero220->Barriles220,1225.2670512199402,1220.737969365262,4.529081854678225,9.178597450256348,9.178539764146,5.768611034717708e-05,0.4874676043779747,5.74512305110693,0
Crucero220->Chacaya220,136.5948250889778,2369.5005466239854,-2232.9057215350076,69.19275665283203,57.4294595551332,11.763297097698832,37.3869456603113,1071.0317512918264,0
Crucero220->Chuquicamata220,22121.965034484863,21503.77626561747,618.1887688673924,222.02890014648438,214.942376943586,7.086523202898377,253.22730729747855,340.0140773653984,0
Crucero220->Conchi220,17733.41867828369,17400.03256580332,333.3861124803698,130.15185546875,128.483342655626,1.6685128131240106,186.28118453502086,333.3860727548599,0
Crucero220->ElLoa220,3289.4710319042206,3391.410795625394,-101.93976372117322,30.732452392578125,30.578448494027,0.1540038985511245,1.0868275403434038,6.5442609447054565,0
Crucero220->Laberinto220,-5645.019766807556,5874.777594772894,-11519.797361580451,106.31083679199219,116.394358797713,-10.083522005720809,40.95931730029164,56.76754659926519,1
Crucero220->LaCruz220,1691.4191341400146,1683.4420478624738,7.9770862775408204,12.524165153503418,12.3777705280025,0.14639462550091764,0.1713482667541504,1.5992656016896944,0
Crucero220->MariaElena220,4130.796022415161,23957.094120924266,-19826.298098509105,149.18898010253906,366.0,-216.81101989746094,3.911435853175278,7.759517852799036,0
Crucero220->Salar220,18904.609100341797,18715.943669671524,188.66543067027305,204.68321228027344,195.967347387596,8.715864892677445,213.92315669352652,280.25197200477123,0
Crucero220->Tocopilla220,-827.1803431510925,1199.0677753252312,-2026.2481184763237,20.096553802490234,26.8527520989611,-6.756198296470867,1.7975384344246996,10.502884726971388,1
Cumbres500->NvaCardones500,47865.59989404678,41680.30145663068,6185.298437416102,831.874755859375,820.982168016298,10.892587843076967,153.80767340667873,493.5505700483918,0
DAlmagro220->DAlmagro110,7793.290491580963,12105.554041128167,-4312.263549547204,114.3718032836914,114.236864127846,0.13493915584540161,8.945987750767838,9.459123672160786,0
DonaCarmen220->Nogales220,-53.69165599346161,7769.757914442942,-7823.4495704364035,93.5963134765625,96.4459510195204,-2.8496375429578933,31.89329124185286,30.81528305611573,1
DonGoyo220->Talinay220,-7466.658435463905,7310.6025,-14777.260935463906,140.53953552246094,141.8,-1.2604644775390739,38.212159997351165,37.38152170437388,1
DonHector220->PColorada220,11587.566457211971,14490.953328752164,-2903.386871540193,169.35720825195312,183.349557949929,-13.992349697975868,72.3534761364305,70.83082490926608,0
Duqueco220->Temuco220,-294.5103520154953,377.00238502954085,-671.5127370450361,34.9141731262207,26.1269054734857,8.787267652735004,2.951141352180085,2.5872082975693047,1
ElCobre220->Esperanza220,27704.546012878418,26549.049672305628,1155.4963405727904,201.28887939453125,207.497104026416,-6.208224631884747,345.7532927386997,859.5199794769287,0
ElLoa220->Tocopilla220,-1527.328865289688,1430.2958266347944,-2957.6246919244822,24.847244262695312,31.9566354707764,-7.109391208081089,2.49872152180624,11.709320578724146,1
ElSalto110->SCristobal110,32710.852951049805,24393.919318222237,8316.933632827568,272.0836486816406,201.313781876381,70.76986680525962,163.48341099583982,162.03847634792328,0
ElTesoro220->Esperanza220,1434.5503019690514,3067.408639839995,-1632.8583378709436,55.02183151245117,50.9732303726124,4.048601139838773,1.6511795376151257,5.575297515701095,0
Encuentro220->Colla220,26495.592582702637,27393.094164841757,-897.5015821391207,214.74020385742188,224.154835824553,-9.414631967131129,802.036311421875,980.3349418640137,0
Encuentro220->ElTesoro220,8995.710620880127,9134.717771660593,-139.00715078046596,106.37998962402344,95.8810811725338,10.49890845148964,106.53384715028858,151.3946502134204,0
Encuentro220->Lagunas220,14903.246561050415,17060.08695816937,-2156.8403971189546,171.28564453125,196.326845777723,-25.04120124647301,231.77135611184693,1113.8542251549661,0
Encuentro220->Miraje220,6113.390039801598,22456.15239207949,-16342.762352277892,208.97999572753906,309.192912774483,-100.21291704694391,12.840676207095305,21.898842389928177,0
EntreRios500->Ancoa500,44934.37399291992,47015.70397351883,-2081.329980598908,516.6666870117188,511.154818251297,5.5118687604217484,128.296997470459,122.05067532043904,0
EntreRios500->Charrua500,-44934.37399291992,47015.703973518794,-91950.07796643872,516.6666870117188,511.154818251297,5.5118687604217484,14.25522194116211,13.561186648905277,1
Esmeralda110->Portada110,6707.780560970306,9003.156263946052,-2295.3757029757453,62.338199615478516,88.4828319251841,-26.144632309705585,62.4027112678004,90.71351741315448,0
Esmeralda220->Esmeralda110,25499.217948913574,28596.359478041268,-3097.1415291276935,192.05697631835938,283.536854732184,-91.47987841382462,0.0,0.0,0
Florida110->Almendros110,-2636.04896402359,2801.3274708685335,-5437.376434892123,59.53012466430664,34.7454268233027,24.78469784100394,13.828376147048608,13.218825487070717,1
Florida110->StaRosa110,-8315.158363103867,9000.309842985693,-17315.468206089557,105.28012084960938,111.521253553077,-6.241132703467628,10.763613584129347,10.220452223611872,1
Fopaco154->Lagunillas154,-8034.99715423584,7959.231689784052,-15994.228844019892,62.014041900634766,61.5520151134506,0.4620267871841648,12.79608891858559,12.611483134329319,1
Francisco220->DAlmagro220,2353.0942999124527,4993.404958357979,-2640.3106584455263,74.58265686035156,77.0530030706027,-2.4703462102511367,16.5705825324225,76.40230303257704,0
GasAta220->Esmeralda220,26113.184997558594,28596.359478041268,-2483.174480482674,197.0,283.536854732184,-86.536854732184,544.1767756520974,613.9671320915222,0
Guacolda220->Maitenc220,33074.7158267051,39862.038812134866,-6787.322985429768,431.599609375,552.5114,-120.91179062499998,95.71406671465246,101.7992286394001,0
Hualpen154->Mapal154,-4997.124507904053,4933.578396724306,-9930.702904628359,40.40830993652344,40.0866784181296,0.3216315183938363,7.395215141784668,6.12984848767519,1
Hualpen220->Hualpen154,17908.631233215332,17686.666382243187,221.96485097214463,125.78913116455078,124.421541812247,1.3675893523037814,3.894899115822998,3.784905580803752,0
Illapa220->Cumbres500,18960.42874121666,36771.8278703504,-17811.399129133737,564.7860107421875,580.308054071311,-15.522043329123449,127.79022907318108,362.61333208391443,0
Illapa220->DAlmagro220,-5560.332021594048,27746.10621424451,-33306.43823583856,381.048583984375,396.17314062013,-15.124556635755027,229.17109302298084,543.1387243848294,1
Itahue154->Maule154,8459.45025408268,8581.952308512446,-122.50205442976585,91.65988159179688,88.7725503105393,2.8873312812575733,143.91673471445645,139.48560803517466,0
Itahue154->Teno154,7961.788798570633,13735.908548974629,-5774.119750403996,119.14520263671875,128.863485079322,-9.718282442603254,135.72931005888432,133.7055073864758,0
Itahue220->Maule220,4364.094866037369,4427.291695068228,-63.19682903085959,47.28586196899414,45.7963363825779,1.4895255864162422,6.410286920289994,5.528070220723748,0
Jadresic500->Cumbres500,25633.737731695175,47288.796770290006,-21655.05903859483,575.2060546875,812.474553929495,-237.26849924199496,85.72341245084543,131.91732265613973,0
Jadresic500->Jadresic220,-54409.13918685913,61824.295301173726,-116233.43448803286,644.595947265625,681.132445620503,-36.53649835487795,54.473128197280886,56.595424799248576,1
Kapatur220->Laberinto220,10661.64624452591,21638.571770146256,-10976.925525620347,218.07347106933594,206.213160807825,11.860310261510932,49.2935574710233,80.86722041293979,0
Kapatur220->Ohiggins220,20264.8479347229,30568.975838232345,-10304.127903509445,241.91004943847656,288.523939828873,-46.61389039039642,60.81469403391891,88.67326989583671,0
Laberinto220->ElCobre220,21839.070920944214,20257.983221219405,1581.0876997248088,292.2129821777344,218.338377567798,73.87460460993637,13.673181616687295,27.13310147030279,0
Laberinto220->Mantos220,13460.210773468018,16083.313163363702,-2623.1023898956846,160.86651611328125,163.167227928423,-2.3007118151417387,149.31476632237477,355.1521258056164,0
Laberinto220->NvaZald220,-7939.516269207001,10574.103484828624,-18513.619754035622,219.9309844970703,133.993013848921,85.9379706481493,49.98137829899704,73.56571742333472,1
Laberinto220->Oeste220,-25580.162408828735,13352.869955836437,-38933.032364665174,382.19390869140625,234.5744875565,147.61942113490625,1131.0846783058264,1687.1019150363281,1
LaCebada220->MRedondo220,976.8765287090209,990.275489782691,-13.39896107367008,33.401981353759766,33.399838271141,0.0021430826187653906,0.11116723979030799,0.0985995994960831,0
LaCebada220->PuntaSierra220,1561.0734832081944,1560.1423360139136,0.9311471942808112,51.56385803222656,51.5659978798032,-0.0021398475766361003,1.5834834375244633,1.3461347026750445,0
Lagunas220->Collahuasi220,20649.081336975098,18487.02922235304,2162.0521146220563,183.0,182.991186458731,0.008813541269006464,263.7096538476562,284.2157584428787,0
Lagunas220->NvaVictoria220,-5891.692409723997,7487.905916690395,-13379.598326414392,82.3451156616211,91.5384477026657,-9.193332041044613,11.124226875404531,14.327175153186545,1
Lagunas220->Tarapaca220,7059.324201107025,8693.60709030688,-1634.2828891998543,93.7740707397461,137.910540741387,-44.1364700016409,12.326830657165527,24.438678718928713,0
Lagunillas154->Coronel154,15730.251182556152,15272.569782262502,457.68140029364986,124.04730224609375,118.859179546974,5.188122699119745,25.728246484633036,25.53730772435665,0
Lagunillas220->Hualpen220,4780.58124256134,4784.421994590746,-3.8407520294058486,39.02153015136719,38.8778522136614,0.14367793770578885,2.7012365505344955,2.5322806968051736,0
Lagunillas220->Lagunillas154,23780.025260925293,23505.171886007054,274.85337491823884,168.85594177246094,165.889388815173,2.966552957287945,2.2119551908710937,2.1654037041589618,0
LaNegra110->AltoNorte110,6768.740947723389,18876.8507796794,-12108.109831956011,57.49589920043945,161.462091386999,-103.96619218655954,18.152312292149784,17.977190230041742,0
LoAguirre220->CNavia220,39998.95303726196,28905.069118129257,11093.883919132706,460.857666015625,401.302904831348,59.55476118427703,31.42615201004226,30.015882670879364,0
LoAguirre500->AJahuel500,57061.06936264038,26820.40319117062,30240.666171469762,736.8565673828125,660.790699201053,76.06586818175947,41.624298296487794,39.434826388955116,0
LoAguirre500->LoAguirre220,49739.90449523926,38104.5055597523,11635.398935486955,433.1822814941406,329.135066877542,104.04721461659864,30.7805221328125,30.27116895467043,0
LoAguirre500->Polpaico500,-106800.97387695312,53920.6501796151,-160721.62405656822,1029.1279296875,896.324299421241,132.803630266259,117.5511140112828,114.9687933921814,1
LoEspejo110->Ochagavia110,22941.21218109131,26206.834454615768,-3265.622273524459,206.36256408691406,225.241865174853,-18.879301087938927,47.76716675315117,46.756929740309715,0
LosChangos220->Kapatur220,-17450.3491191864,32662.795780017765,-50113.14489920417,279.93182373046875,413.461473095348,-133.52964936487928,12.291888604707955,14.455960589461029,1
LosChangos500->Jadresic500,-81127.00439453125,112914.509719459,-194041.51411399024,837.1757202148438,1120.08968269735,-282.91396248250635,430.6449862064855,623.3752102851868,1
LosChangos500->Kimal500_I,40831.18497848511,45499.23186498887,-4668.046886503762,490.0,490.0,0.0,191.03399351848668,192.1454894244671,0
LosChangos500->Kimal500_II,58415.97043991089,72076.49762554237,-13660.52718563148,606.129638671875,853.630395269569,-247.50075659769402,265.8609753227234,393.90016743540764,0
LosChangos500->LosChangos220,-18120.151111602783,32733.81576626012,-50853.9668778629,279.862548828125,413.461473095348,-133.59892426722303,4.06753278551364,3.8173111765645444,1
LosNotros220->Charrua220,9901.905002593994,12757.293934903886,-2855.388932309892,182.8333282470703,187.426626352389,-4.593298105318695,20.981537734985352,15.525728043168783,0
LosNotros220->Cholguan220,3778.6634826660156,4439.826049774013,-661.1625671079973,51.50290298461914,53.640347173202,-2.1374441885828617,6.1948804589843744,4.935559873294551,0
LosNotros220->Trupan220,795.319631492719,2048.9655885945754,-1253.6459571018563,39.42818069458008,46.4518073085046,-7.02362661392452,1.018983735898359,0.7016511883120984,0
LPalmas220->LVilos220,5172.822766780853,13052.737208949766,-7879.9144421689125,173.9894561767578,189.853234461356,-15.863778284598197,78.98974795124803,72.88411905174144,0
LVilos220->DonaCarmen220,-1057.188907623291,6784.575443829869,-7841.76435145316,80.48802947998047,86.7980108618795,-6.309981381899036,53.192749781274976,50.65275863476563,1
LVilos220->Nogales220,-736.8139252662659,7099.103319874935,-7835.9172451412005,80.7537612915039,89.4287008088887,-8.6749395173848,84.34070689519501,80.28838590532541,1
Maitenc110->Cardones110,-753.0709737427533,1450.5113004778893,-2203.582274220643,27.06104278564453,25.8354888427197,1.225553942924833,29.54985917799958,295.3645709955599,1
Maitenc110->Huasco110,1417.1334171295166,1411.791264592959,5.342152536557705,15.3736572265625,15.2699669723007,0.10369025426179945,5.2252676903555,4.7321489080786705,0
Maitenc220->Cardones220,-4385.898326992989,16656.049713078548,-21041.948040071537,233.3671112060547,237.930169643085,-4.563058437030321,159.6916511712513,2164.4623735547066,1
Maitenc220->DonHector220,-1865.7392039895058,6557.844255753868,-8423.583459743375,94.35235595703125,89.2738837125651,5.078472244466155,18.31303400902499,16.904276939108968,1
Maitenc220->Maitenc110,3292.449456587434,3485.508584479111,-193.05912789167724,41.77786636352539,42.9595895624574,-1.181723198932012,5.235895409351525,4.560740611283109,0
Maitenc220->PColorada220_II,6223.812752842903,8556.616779181017,-2332.8040263381135,99.65975189208984,108.05108967115,-8.391337779060152,11.055904510169283,9.506953503238037,0
Malloa154->Tinguiririca154,-4585.9757761359215,6051.199515337919,-10637.17529147384,53.61155319213867,59.3010060170327,-5.689452824894026,4.433529776325589,4.049895805947017,1
Mapal154->Fopaco154,-5859.078899383545,5788.543758374524,-11647.62265775807,47.252166748046875,46.8526581558342,0.3995085922126762,5.845978215820312,5.230358485132456,1
MariaElena220->Lagunas220,8599.40092754364,9617.412074121065,-1018.0111465774244,99.8340072631836,106.723448875646,-6.889441612462406,172.8452474676632,479.8722752779722,0
MariaElena220->NvaVictoria220,8756.991759300232,9702.915908023822,-945.9241487235904,100.1659927368164,106.70135298374,-6.535360246923588,179.99888270677525,493.6132253073156,0
Maule154->Linares154,3335.6303000450134,5456.649208669235,-2121.0189086242217,53.14575958251953,52.4942559525233,0.6515036299962347,49.54228653392529,48.67407299205661,0
Maule154->SMiguel066,10962.798175811768,10989.522920528865,-26.724744717097565,92.20156860351562,90.234208799912,1.9673598036036282,252.0713278868408,247.63311448693275,0
Mejillones110->Pampa110,3686.305609226227,6926.115305478006,-3239.8096962517793,38.070556640625,60.8936645660343,-22.823107925409303,37.81947614126821,54.48440974764526,0
Mejillones220->Mejillones110,13237.729965209961,16477.539661927418,-3239.809696717457,101.4447250366211,132.952544031592,-31.507818994970904,0.0,0.0,0
Mejillones220->OHiggins220,-7937.080312132835,12630.352326582137,-20567.43263871497,140.68045043945312,177.409729837906,-36.72927939845289,65.28337910811163,157.64020653045736,1
Miraje220->Atacama220,8040.007612287998,4875.5432368682,3164.4643754197978,199.1374969482422,67.4426565991271,131.69484034911508,64.46692570226483,176.06458450248465,0
Miraje220->TOEnlace220,19329.116458892822,16055.409662752278,3273.7067961405446,193.49327087402344,149.066374513057,44.426896360966424,739.4217520167026,2245.520572781563,0
MRedondo220->PuntaSierra220,1668.1879273429513,1666.9076434493063,1.2802838936449916,54.891056060791016,54.8940014791489,-0.0029454183578820903,1.4886008629586474,1.2224802963901311,0
Mulchen220->Cautin220,34451.164677619934,37423.254391418406,-2972.089713798472,412.36175537109375,436.84781176365,-24.486056392556236,634.9678597015269,876.5993421785533,0
Nogales220->Polpaico220,40696.97965055704,27637.57585528987,13059.403795267172,436.81317138671875,360.94505994918,75.86811143753874,396.47290928769235,387.76349945552647,0
Nogales220->Quillota220,-21125.827026367188,14539.448187411557,-35665.27521377875,254.00595092773438,224.988827152556,29.017123775178362,119.67953217472304,117.74981412338093,1
Nogales220->Ventanas220,-20249.30198574066,25176.644926633064,-45425.94691237372,353.8618469238281,337.228264915454,16.633582008374105,93.53859047135342,90.96729358445737,1
Norgener220->Barriles220,635.1620790958405,633.0021150440997,2.159964051740758,4.802411079406738,4.80246910902461,-5.802961787182426e-05,0.04136102428902941,0.9439227012917399,0
Norgener220->LaCruz220,-635.1620790958405,633.0021150440997,-1268.1641941399403,4.802411079406738,4.80246910902461,-5.802961787182426e-05,0.16793834668779373,4.217882573604584,1
NvaCardones500->Cardones220,-3443.634282708168,37315.29267151117,-40758.926954219336,490.87738037109375,562.837776693747,-71.9603963226532,4.186467080895395,10.06872031907551,1
NvaMaitenc500->Maitenc220,-33770.48855018616,37075.977622091974,-70846.46617227813,469.2777404785156,523.569757340235,-54.29201686171939,6.027745969584594,7.0580972178140655,1
NvaMaitenc500->NvaCardones500,-50236.45590186119,63905.37427380759,-114141.83017566879,1043.6563720703125,1051.3338759196,-7.677503849287405,184.37951888435003,579.2272148593329,1
NvaPAzucar500->NvaMaitenc500,-82840.25476074219,86985.02395685777,-169825.27871759995,1068.6937255859375,1090.51353221643,-21.819806630492394,503.8472025047754,1166.6898713074625,1
NvaPAzucar500->PAzucar220,-1652.7771201133728,8974.826015666533,-10627.603135779906,148.51388549804688,115.690773822762,32.82311167528488,1.1997404555180073,1.0389080995155382,1
NvaPAzucar500->Polpaico500_I,81296.18974590302,82062.28030348531,-766.0905575822981,1000.0,1000.0,0.0,1965.876812557165,1953.1238781437278,0
NvaPAzucar500->Polpaico500_II,3196.8422269821167,2772.215827573315,424.6263994088017,190.44287109375,289.904500370038,-99.46162927628802,13.531244111852645,11.786837123334408,0
NvaZaldivar220->Domeyko220,43730.57243347168,47854.92795580837,-4124.355522336693,378.92236328125,422.606351720128,-43.683988438877975,153.3830779736328,260.40907219052315,0
Ochagavia110->Florida110,-9623.578796386719,6311.199009575059,-15934.777805961778,83.14855194091797,63.4461006945555,19.70245124636247,32.595179932777064,27.967943720519543,1
OHiggins220->Domeyko220,7133.23716711998,5838.315445745856,1294.921721374124,286.7147216796875,135.123009183447,151.5917124962405,148.30397058759618,985.9129090539645,0
OHiggins220->Palestina220,4220.54867464304,3739.8895281607593,480.65914648228045,151.3902587890625,74.786398842146,76.6038599469165,35.989306415652834,98.24232901749201,0
Pachacama110->LVegas110,6335.080971181393,7137.727159347736,-802.6461881663436,97.04088592529297,70.4445089504444,26.596376974848567,22.658773193354428,21.737059833016247,0
Paine154->Tuniche154_I,8700.07263469696,8524.830762934178,175.24187176278247,116.49333953857422,98.8140181263954,17.679321412178822,86.68865101439994,85.84072478953749,0
Palestina220->Domeyko220,3077.0528667271137,2990.591601241375,86.46126548573875,137.64529418945312,64.6380957776604,73.00719841179273,35.786773340866596,110.25039405969437,0
PAlmonte220->Condores220,11015.367018461227,11398.817962365883,-383.450943904656,117.19104766845703,144.669438138912,-27.47839047045497,42.53522378343439,61.04281187057495,0
PAlmonte220->Lagunas220,-2847.4041055440903,9859.338548845693,-12706.742654389784,83.67532348632812,179.351671900676,-95.67634841434787,48.77057058241964,505.209317909088,1
PAlmonte220->PAlmonte110,-8176.353431612253,15555.564551542464,-23731.917983154715,158.1844482421875,206.116713712784,-47.93226547059649,0.0,0.0,1
Pampa110->Desalant110,3631.8211941719055,6926.115305478006,-3294.2941113061006,37.18645477294922,60.8936645660343,-23.707209793085084,24.010076066148414,34.890350269619375,0
Pangue220->LosNotros220,3582.9479875564575,5091.944349746344,-1508.996362189887,114.33333587646484,156.3044,-41.97106412353514,3.460396366500855,2.3239570192527026,0
Paposo220->Cachiyuyal220,-310.8063143771142,1272.3349804347363,-1583.1412948118505,15.582316398620605,25.5043521691622,-9.922035770541594,0.6663416560864904,11.384943483863026,1
Paposo220->Francisco220,-1355.4719417095184,2048.795940328624,-3404.2678820381425,24.46370506286621,37.2563758193695,-12.792670756503291,1.2884214117560553,16.033130582422018,1
PAzucar110->ElPenon110,-622.8405576646328,7401.119772919687,-8023.96033058432,87.30000305175781,102.228251993169,-14.928248941411184,107.79520855655096,107.13433182891458,1
PAzucar110->Maitenc110,-726.3595776678994,203.63831571922867,-929.9978933871281,10.945740699768066,4.48006473965934,6.465675960108727,19.545078090776197,16.51722253067419,1
PAzucar220->DonGoyo220,-11518.05652475357,11100.664499999997,-22618.72102475357,185.93621826171875,190.1,-4.163781738281244,111.53131626211727,106.60198188573122,1
PAzucar220->PAzucar110,7520.421424865723,12044.055431746507,-4523.634006880784,128.28587341308594,132.892071215093,-4.606197802007074,15.490403930963883,15.100327727850527,0
PAzucar220->PuntaSierra220,19414.73630064726,28130.70999847093,-8715.973697823672,314.7553405761719,353.147484745029,-38.3921441688571,204.39924183065105,200.64637199463323,0
PColorada220->PAzucar220,11891.968437194824,13582.723718405763,-1690.7552812109388,125.4166488647461,128.896588910982,-3.479940046235896,85.0446521078302,81.20505062118173,0
PColorada220->PAzucar220_II,12356.57299232483,14113.383951981652,-1756.810959656823,130.3165283203125,133.932419381858,-3.6158910615455113,38.21090251231897,35.732222291175276,0
Pehuenche220->Ancoa220,11787.856285095215,22154.271899716892,-10366.415614621677,274.0025634765625,318.041766025976,-44.03920254941352,13.526317450744628,11.64654596208129,0
Petroquim154->Hualpen154,-14862.818298339844,14735.486539303522,-29598.304837643365,106.82109832763672,106.113941195986,0.7071571316507175,15.893063255859374,15.778268989175558,1
Pid-Pid110->Chonchi110,-252.15064084529877,314.7836,-566.9342408452987,1.8726999759674072,1.9027,-0.03000002403259283,0.47564512334330084,62.46295367926359,1
Pillanlelbun066->Lautaro066,2857.19106733799,3419.6985148672356,-562.5074475292458,45.46583938598633,44.8710706816537,0.5947687043326297,103.06254631904511,150.64374692877755,0
PMontt220->Chiloe110,5393.313747644424,4722.443241520061,670.8705061243636,60.79605484008789,55.5466983876656,5.24935645242229,53.157391364730096,71.18554557673633,0
PMontt220->Molinos110,4567.507284164429,4525.559989209276,41.947294955152756,35.99352264404297,35.281370224237,0.7121524198059674,27.407540068634056,34.70730348676443,0
PNegro220->Candela220,40579.59719848633,33395.13947855075,7184.457719935577,600.5547485351562,294.853211494966,305.70153704019026,434.6809431892913,425.732131652534,0
Polpaico220->ElSalto110,63053.62161254883,47756.79206462954,15296.82954791929,527.2212524414062,405.926642535375,121.29460990603127,447.88799006007054,443.0888204574585,0
Polpaico500->Polpaico220,-24387.821523666382,34237.7834525158,-58625.604976182185,593.6787109375,517.245468011101,76.43324292639898,17.670583110687257,17.0117632644251,1
PPeuco110->LVegas110_I,-3219.464286804199,2745.2843573191753,-5964.748644123374,51.625423431396484,43.0739583491519,8.551465082244583,48.3097174376359,42.11011219676584,1
Prrahue220->Rahue220,4580.215250372887,6104.763903157284,-1524.5486527843977,88.78369903564453,83.6473049923801,5.136394043264431,2.6143053789389716,5.2750487912708195,0
Prropulli220->Prrahue220,-31.184086501598358,3748.476318111924,-3779.660404613522,54.92947769165039,60.8239806534378,-5.89450296178741,20.47968238152033,39.70307472767308,1
Prropulli220->Rahue220,266.0484480857849,3911.2545116760216,-3645.2060635902367,56.475852966308594,63.0359200771148,-6.560067110806209,15.152321199810027,30.390050811402034,0
Prropulli220->Tineo220,447.83500587940216,3693.8274361540257,-3245.9924302746235,56.34434127807617,52.4182593188399,3.926081959236271,21.96189834555446,733.6344588677748,0
PuntaSierra220->LPalmas220,63.976295471191406,9916.18614809602,-9852.209852624828,118.5054702758789,134.243234461356,-15.73776418547709,6.007695211005807,5.173464913503267,0
PuntaSierra220->Mauro220,25379.739780426025,29369.577144423816,-3989.837363997791,274.5127258300781,283.808029803136,-9.295303973057855,202.48114776579592,195.87126161158085,0
Quillota110->Mirafl110,9262.229120254517,11029.354488589766,-1767.1253683352497,91.7410888671875,94.4513384074361,-2.710249540248597,154.38815329284668,153.36790695786476,0
Quillota110->Pachacam110,15681.533336639404,11104.827565135236,4576.705771504168,156.00685119628906,128.151842308778,27.855008887511076,79.26548240649414,77.87907820101827,0
Quillota220->Mauro220,18493.367701768875,14719.055002040293,3774.3126997285817,234.9052734375,216.245615512851,18.659657924648997,396.1955141117549,381.69342336803675,0
Quillota220->Polpaico220,67911.0391330719,44810.77112442519,23100.268008646708,660.4801635742188,554.217396521683,106.26276705253576,425.10663657099605,418.0701111610979,0
Quillota220->Quillota110,35292.53770446777,32484.35715212697,2808.180552340804,260.1466064453125,245.880696411857,14.265910033455498,28.341903122618554,28.056222774088383,0
Quintero220->SanLuis220,483.18500077724457,3491.892984479617,-3008.7079837023725,8.119999885559082,143.124,-135.0040001144409,0.06657352498529025,0.0,0
Rahue220->Tineo220,1068.0395187586546,6984.793652540835,-5916.75413378218,108.73091125488281,104.203999003833,4.526912251049808,52.607112500299216,81.99672316201031,0
Ralco220->LosNotros220,4962.871078491211,6962.396967375584,-1999.5258888843728,29.5408992767334,214.422341843896,-184.8814425671626,1.7592921035156248,0.0,0
Rancagua154->Tuniche154_I,-152.37855193391442,948.5087352684243,-1100.8872872023387,22.49570655822754,23.5311942996306,-1.0354877414030597,0.2993265749814729,0.2022733007545412,1
Rancagua154->Tuniche154_II,-850.7409505546093,4306.1215074657175,-5156.862458020327,41.11670684814453,40.4229104234144,0.6937964247301309,5.133523847624284,4.396339986240491,1
Rapel220->AMelipill220,-1511.3387515470386,2303.3220985105672,-3814.660850057606,37.317466735839844,37.3497309757063,-0.03226423986645699,6.487749763841806,5.712403345130269,1
Rapel220->LoAguirre220,-3514.917228460312,6818.941059132986,-10333.858287593299,73.25907897949219,73.2446265638509,0.014452415641287075,71.70114268463838,62.40897480491549,1
Renca110->CNavia110,26520.868419647217,25823.14476730705,697.7236523401662,256.42156982421875,247.694324278265,8.727245545953764,32.502032522912884,31.960989810002502,0
RioTolten220->Ciruelos220,9858.506195396185,16002.899407338893,-6144.393211942708,230.38853454589844,245.0,-14.611465454101562,219.82914520705376,466.40906581282616,0
Rucue220->Charrua220,504.08769911527634,727.2503442142086,-223.16264509893222,30.967586517333984,30.9675861087409,4.0859308469975986e-07,0.5300778765346558,0.44497699989005923,0
S-Km6100->Salar110,-10416.0,11105.341565374352,-21521.34156537435,62.0,105.152748293415,-43.152748293415,8.069816831999999,8.069812953472137,1
Salar110->Salar220,-14118.824821472168,11569.820099907593,-25688.64492137976,110.71268463134766,106.386738171026,4.32594646032166,0.0,0.0,1
Salar220->Chuquicamata220,10679.677259348333,8528.23885671036,2151.438402637972,152.5722198486328,146.551510280758,6.020709567874803,15.281486712505316,36.3559729475528,0
SanLuis220->ASanta220,34505.784729003906,32653.77537523638,1852.0093537675275,262.7775573730469,258.73857170944,4.038985663606866,123.04095196289062,121.90310603380203,0
SanLuis220->Quillota220,142919.57585906982,126175.42456213839,16744.151296931435,1221.913330078125,1208.94441582368,12.968914254445053,233.49449399501913,232.18972596526146,0
SantaMaria220->Charrua220,8419.392657529563,7110.119999999999,1309.2726575295637,172.3333282470703,113.53,58.80332824707031,15.089151615735565,13.361064074561,0
SantaMarta220->Chena220,16907.75174331665,14373.252518882231,2534.4992244344194,163.15736389160156,158.493774007686,4.663589883915563,60.16702514112766,56.85314306616783,0
Sauzal110_2->Sauzal154,5455.165109634399,5455.1651,9.634399248170666e-06,43.319801330566406,43.3198,1.3305664054996669e-06,3.4466341556237032,3.392527491785586,0
Sauzal154->Rancagua154,5459.681188583374,5455.1751,4.506088583373639,43.284847259521484,43.3198,-0.034952740478516375,11.57766029588062,11.344937976449728,0
SCristobal110->CNavia110,-13999.886875152588,22152.412072095987,-36152.29894724858,174.51348876953125,191.600427247899,-17.086938478367756,86.41146163264928,82.88382451981306,1
SFcoMost066->Paine154,2021.2479333151132,3171.6382454300538,-1150.3903121149406,51.205772399902344,51.205772356971,4.2931340260565776e-08,87.64111599305805,86.37086194031872,0
SJavier66->Constituci66,-1703.5775714851916,1419.6094328511429,-3123.187004336334,18.600000381469727,15.6998722753418,2.9001281061279265,124.09739794143644,121.60143457027152,1
SMiguel66->Talca66,8472.192506790161,8746.550361949196,-274.35785515903444,74.66227722167969,73.6964835258284,0.9657936958512892,62.71206687322998,61.72774204239249,0
StaRosa110->AJahuel110,-20335.276824951172,21010.207800790544,-41345.484625741716,187.62152099609375,193.341033612841,-5.719512616747238,129.20063344704826,127.76570373773575,1
SVicente154->Hualpen154,-9901.843807220459,9776.529274065853,-19678.373081286314,74.37283325195312,73.6805664729353,0.6922667790178281,13.623142926269532,13.302121482789516,1
SVicente154->Petroq154,-4444.269214630127,4318.141965675577,-8762.411180305704,41.307861328125,40.9669749079267,0.3408864201983022,1.3912718273773195,1.2042292998521589,1
Talca66->SJavier66,-1719.4294673204422,1392.6168594392818,-3112.0463267597243,20.93284034729004,22.0083631204616,-1.07552277317156,29.05839380155107,28.60910248570144,1
Tamaya110->S-AA100_3B,1087.7771471142769,4466.022752652897,-3378.24560553862,19.471275329589844,99.1800405867499,-79.70876525716005,24.235895511084454,319.5044832085259,0
Tamaya110->Salar110_4B,319.58789721131325,4582.302470437432,-4262.714573226119,23.243188858032227,101.78792772096,-78.54473886292777,19.163534827739362,1761.5049362182617,0
Tarapaca220->Condores220,5740.272345781326,7647.5279688160745,-1907.2556230347482,84.98829650878906,129.709856922757,-44.72156041396795,43.419986651783866,72.63014572311658,0
Temuco220->Cautin220,-23965.318870544434,24368.74004994961,-48334.05892049405,207.2905731201172,211.841478621628,-4.550905501510812,19.521856406591247,29.024187669157982,1
Temuco220->Temuco66,28265.80340576172,28050.825843491082,214.97756227063655,235.6370849609375,235.553203328047,0.08388163289049544,56.5263011501536,69.16824804246426,0
Temuco66->LasVioletas66,1982.2629661560059,1855.7475601697483,126.51540598625752,18.607999801635742,18.0786674928319,0.5293323088038413,104.11343279315294,127.15180703997612,0
Temuco66->Pillanlelbun66,4319.039122455637,4396.925661317949,-77.88653886231168,60.0,56.1072181267866,3.8927818732134014,165.45368402115463,215.10386581113562,0
Tilcoco154->Malloa154,2502.1937820762396,4139.448599715141,-1637.2548176389018,64.46934509277344,50.17053449985,14.298810592923438,7.283005578896006,6.8533854184206575,0
Tilcoco154->PCortes154,-1190.153773739934,5153.748522707554,-6343.902296447488,68.82821655273438,66.1115967534572,2.7166197992771686,22.97629834631104,22.054521654732525,1
Tineo220->PMontt220,15990.043296337128,20716.59898010954,-4726.555683772411,222.53018188476562,234.122271649405,-11.592089764639383,64.02269859230486,76.7242659534968,0
Tinguiririca154->Itahue154,-6132.499189376831,7602.628829776679,-13735.12801915351,72.0971450805664,79.7201419078867,-7.622996827320293,62.87652068133736,60.56897965622193,1
Tinguiririca154->Teno154,-3140.7458776831627,4883.048533671959,-8023.794411355122,99.91706848144531,101.862921977559,-1.9458534961136849,45.55875671334116,44.02936909616983,1
TO_Enlace220->Atacama220,-267.93283861875534,1982.7253813397972,-2250.6582199585528,92.84764099121094,61.0097067983916,31.83793419281934,24.5012169423774,107.54525891505182,1
Tocopilla110->Tamaya110,-891.8032393455505,8519.314273298118,-9411.117512643668,65.89702606201172,99.7474433024206,-33.85041724040889,2.5128964428738114,14.238530095666647,1
Torquemada110->Mirafl110,904.6264985650778,2513.5496385925926,-1608.9231400275148,16.94622039794922,30.2297425584314,-13.283522160482182,0.44834688474656464,0.05551290039147716,0
Trupan220->Charrua220,6766.151334762573,7759.335756126129,-993.1844213635559,103.1220932006836,118.897173558481,-15.775080357797407,14.458796043395996,13.391252460889518,0
Tuniche_1->PCortes154,6189.557893753052,6022.96047181769,166.59742193536204,48.46733856201172,48.2169134738864,0.2504250881253185,10.330154781738281,10.015867857262492,0
Tuniche_1->Tinguiririca154,2272.0932043958455,4655.885902761396,-2383.7926983655507,73.90184783935547,67.5475016485972,6.354346190758264,33.86748222726633,32.48724709983799,0
Tuniche_2->PCortes154,6923.280457496643,6459.78815944137,463.49229805527284,81.9338607788086,75.2368676392723,6.696993139536289,20.912028518968082,20.458396340312902,0
Valdivia220->Prropulli220,-2897.3384124562144,3510.413511983359,-6407.7519244395735,77.49401092529297,64.8996200804815,12.594390844811471,14.182322134851065,20.623684095568024,1
Ventanas110->Mirafl110,8221.540584564209,9842.00950199715,-1620.4689174329415,65.75237274169922,77.6618217000918,-11.909448958392588,59.59971216210938,51.26227539777756,0
Ventanas110->Quillota110,389.36990708112717,2347.3596752348326,-1957.9897681537054,19.836427688598633,28.29175327435,-8.455325585751368,4.539537913366824,3.309679778525606,0
Ventanas110->Torquemada110,12577.584693908691,14114.02597130979,-1536.441277401098,94.71119689941406,106.491503239244,-11.780306339829934,71.51102383847719,70.18726409971714,0
Ventanas220->Ventanas110,24687.646224975586,25973.497918454334,-1285.8516934787476,192.0935516357422,211.129554743265,-19.036003107522816,18.459167232136718,18.309274278581142,0
HuertosFamiliares033->Polpaico220,3616.219978392124,6786.292805316131,-3170.072826924007,67.8066635131836,83.7387739281346,-15.932110414951012,0.0,0.0,0
DonHumberto033->PPeuco110,3400.34670233028,4614.107151112657,-1213.7604487823774,63.45696258544922,70.96,-7.503037414550775,0.0,0.0,0
IncaOro033->DAlmagro220,9982.852841767017,8700.401636579696,1282.4512051873207,198.1199951171875,187.84,10.279995117187497,0.0,0.0,0
Palpana033->Crucero220,9398.823598615825,9344.691233742815,54.132364873010374,181.2100067138672,181.21,6.713867179541921e-06,0.0,0.0,0
LaCabana033->Mulchen220,6403.55075776577,9804.772588849462,-3401.2218310836925,95.62999725341797,132.519096142772,-36.889098889354045,0.0,0.0,0
UribeSolar033->Esmeralda110,1278.1013562753797,468.1600106112648,809.9413456641148,17.0,17.0,0.0,0.0,0.0,0
PuntaSierra033->PuntaSierra220,3002.9331967532635,3002.9410309278355,-0.007834174572053598,51.20000076293945,54.02,-2.81999923706055,0.0,0.0,0
ElevCapricornio033->Capricornio110,4111.450019583106,3997.09516473589,114.35485484721585,81.81999969482422,81.82,-3.0517577442878974e-07,0.0,0.0,0
CentralSalvador023->DAlmagro110,2652.7594775334,3202.1168728522334,-549.3573953188334,49.900001525878906,49.9,1.5258789076710855e-06,0.0,0.0,0
SanAndres023->CPinto220,1912.326866650954,2131.6003921568627,-219.27352550590876,35.0,35.0,0.0,0.0,0.0,0
DesiertoAtacama033->Cardones110,4238.942377816886,13053.407333293335,-8814.46495547645,235.39999389648438,235.4,-6.103515630684342e-06,0.0,0.0,0
Tamaya033->Tamaya110,2313.4067916721106,5231.98705229036,-2918.5802606182497,71.75,109.81,-38.06,0.0,0.0,0
Alfalfal220_CRCA->Alfalfal220,8700.517890453339,8710.211073684211,-9.693183230872819,110.44999694824219,117.55,-7.10000305175781,0.0,0.0,0
MariaElena023->MariaElena220,1689.2577934265137,1203.7439646180767,485.513828808437,60.5,72.58,-12.079999999999998,0.0,0.0,0
PEQ023_BP1->MariaElena220,364.3262838385999,8707.266523749238,-8342.940239910638,95.0,111.6,-16.599999999999994,0.0,0.0,0
PEQ023_BP4-5->MariaElena220,128.712089933455,9405.414091350829,-9276.702001417374,105.0,105.7,-0.7000000000000028,0.0,0.0,0
AndesSolar2_023>Andes220,2505.3477087914944,3683.406950740728,-1178.0592419492336,113.7300033569336,113.67,0.060003356933592045,0.0,0.0,0
Futuro033_CRCA2B>Andes220,6622.3894736766815,6592.6519975759875,29.73747610069404,194.27862548828125,153.0,41.27862548828125,0.0,0.0,0
Futuro033_CRCA4>Andes220,8261.357862472534,7771.0823242200995,490.27553825243467,175.57749938964844,170.49,5.087499389648428,0.0,0.0,0
VictorJara033->PAlmonte110,10391.598707340658,16588.519630253933,-6196.920922913276,182.0,182.0,0.0,0.0,0.0,0
Futuro033_CRCA3>Andes220,9981.537382692099,8446.002545827807,1535.5348368642917,201.92958068847656,189.50449279931,12.425087889166576,0.0,0.0,0
Jadresic220->Jadresic220_II,-49990.1058511734,52584.13536427765,-102574.24121545105,569.3829345703125,526.575320354923,42.80761421538955,0.0,0.0,1
Jadresic220_II->MonteMina220,53900.18363952637,36743.350472933955,17156.833166592412,511.794677734375,406.465403649856,105.329274084519,705.7146642001709,3303.191697239876,0
NvaZaldivar220->MonteMina220,-51743.65449523926,56892.32353164413,-108635.97802688339,442.9171142578125,486.640810155607,-43.72369589779453,326.3970740625,764.4540938138962,1
MonteMina220->Andes220,-1911.1167299635708,22362.62840627889,-24273.74513624246,440.64923095703125,451.066600641034,-10.417369684002722,67.30494108337804,359.63398919322935,1
Gabriela033->ElCobre220,11881.695368289948,12274.012318941943,-392.3169506519953,208.52203369140625,267.8,-59.27796630859376,0.0,0.0,0
SantaRita023->Lagunas220,3444.054497499019,639.0151666666666,2805.0393308323523,59.44369888305664,58.9933333333333,0.45036554972334386,0.0,0.0,0
Bolero033->Laberinto220,3495.960823394358,3581.8178135964913,-85.85699020213315,95.32781982421875,146.0,-50.67218017578125,0.0,0.0,0
Estepa033->Crucero220,9724.51148557663,10032.67350877193,-308.1620231953002,149.88999938964844,144.17,5.71999938964845,0.0,0.0,0
CentralLosLoros023->Cardones110,2143.702386431396,2296.4803269736844,-152.77794054228843,46.06999969482422,46.08,-0.010000305175779545,0.0,0.0,0
Libelula033->Polpaico220,5196.184902474284,11486.870842588427,-6290.685940114143,199.1999969482422,199.2,-3.0517578011313162e-06,0.0,0.0,0
